order_details_id,order_id,order_date,order_time,item_id,payment_type
1,1560,11/5/2024,12:47:32,6,Card
2,3791,2/10/2024,17:20:10,5,Cash
3,5295,11/7/2024,19:08:40,3,Cash
4,4504,1/24/2024,12:49:14,5,Card
5,6117,11/11/2024,9:34:31,6,Transfer
6,6294,3/10/2024,12:00:47,4,Card
7,5681,1/4/2024,19:33:04,1,Card
8,3446,4/30/2024,19:17:40,3,Card
9,9353,9/28/2024,17:26:35,2,Card
10,9558,8/7/2024,19:36:55,3,Transfer
11,6113,11/6/2024,18:30:25,2,Transfer
12,7353,7/9/2024,8:33:50,7,Card
13,7378,4/18/2024,17:21:07,2,Card
14,8249,2/19/2024,8:51:48,5,Transfer
15,4640,4/19/2024,10:15:22,5,Card
16,1815,8/5/2024,10:16:02,6,Cash
17,2864,6/11/2024,16:06:48,4,Cash
18,5621,11/26/2024,15:05:29,7,Card
19,8770,8/16/2024,16:15:14,4,Transfer
20,1570,5/26/2024,16:35:05,3,Transfer
21,7959,5/30/2024,12:17:08,1,Cash
22,1913,11/2/2024,19:34:14,4,Cash
23,1059,5/8/2024,12:21:16,9,Card
24,9492,11/20/2024,15:21:59,1,Cash
25,4263,4/22/2024,19:06:41,6,Transfer
26,8408,3/6/2024,12:30:09,8,Transfer
27,1157,3/5/2024,19:30:41,3,Cash
28,7430,9/8/2024,10:54:35,3,Transfer
29,1698,2/20/2024,19:23:47,7,Transfer
30,8013,6/20/2024,16:17:44,5,Card
31,2925,9/17/2024,20:04:13,10,Cash
32,1327,12/9/2024,18:19:39,7,Cash
33,4854,10/13/2024,18:41:16,6,Transfer
34,4163,12/14/2024,13:24:35,2,Card
35,2975,12/6/2024,18:24:55,9,Cash
36,5591,5/14/2024,17:05:28,2,Card
37,2350,12/14/2024,17:09:04,9,Cash
38,2915,2/19/2024,19:40:43,6,Cash
39,2559,8/15/2024,8:33:46,10,Card
40,5297,8/7/2024,17:17:41,2,Transfer
41,6688,12/3/2024,11:48:18,1,Transfer
42,2818,9/9/2024,13:50:56,2,Transfer
43,9825,3/18/2024,14:40:43,2,Cash
44,5643,2/27/2024,16:56:03,3,Cash
45,4573,12/17/2024,18:29:00,4,Transfer
46,4635,11/8/2024,19:55:31,3,Cash
47,9329,8/2/2024,15:45:12,4,Transfer
48,8855,8/18/2024,18:11:51,3,Cash
49,4799,8/25/2024,11:06:48,4,Card
50,2388,5/20/2024,19:10:56,9,Card
51,4321,1/19/2024,9:39:53,8,Card
52,6770,5/23/2024,20:03:03,9,Card
53,3410,8/17/2024,14:55:33,1,Cash
54,7799,9/1/2024,12:34:01,4,Cash
55,1452,9/10/2024,18:59:26,1,Transfer
56,3905,8/29/2024,20:26:41,4,Cash
57,2426,6/2/2024,15:32:43,10,Transfer
58,1890,10/27/2024,17:06:05,4,Transfer
59,6100,9/20/2024,17:03:58,7,Card
60,5124,3/26/2024,15:31:34,9,Cash
61,6381,10/27/2024,9:58:13,2,Transfer
62,1639,11/9/2024,17:11:36,6,Transfer
63,4027,7/12/2024,14:17:24,9,Cash
64,5134,2/21/2024,16:48:49,7,Cash
65,6077,10/13/2024,11:47:55,6,Card
66,7543,10/21/2024,10:28:48,2,Card
67,3803,8/6/2024,11:35:01,9,Card
68,1248,10/19/2024,15:50:15,4,Transfer
69,9741,3/24/2024,9:31:25,4,Transfer
70,3784,12/3/2024,18:02:47,4,Cash
71,4381,12/15/2024,11:18:18,10,Transfer
72,2946,12/22/2024,8:04:35,1,Transfer
73,2769,6/8/2024,15:21:54,3,Transfer
74,2713,7/27/2024,17:35:51,3,Transfer
75,8091,1/2/2024,9:50:14,6,Cash
76,9742,4/5/2024,9:38:59,3,Cash
77,1042,12/24/2024,16:44:48,8,Transfer
78,7301,6/26/2024,8:08:23,8,Cash
79,3231,11/12/2024,12:18:37,6,Transfer
80,2669,1/21/2024,16:01:18,7,Transfer
81,7336,3/21/2024,20:28:31,5,Card
82,7422,8/7/2024,15:30:56,2,Cash
83,9031,12/27/2024,18:40:14,6,Cash
84,6122,5/12/2024,18:47:18,6,Card
85,4861,8/14/2024,13:01:18,6,Cash
86,3220,5/17/2024,16:14:11,9,Cash
87,6370,11/3/2024,17:05:26,2,Card
88,5031,4/6/2024,17:17:28,1,Cash
89,5082,3/23/2024,18:12:59,6,Cash
90,9790,1/6/2024,12:19:44,9,Card
91,9484,5/23/2024,17:16:21,4,Cash
92,9861,5/13/2024,11:48:43,1,Transfer
93,9698,8/4/2024,11:53:39,2,Cash
94,8728,2/15/2024,14:14:38,1,Transfer
95,6798,5/29/2024,20:43:02,9,Card
96,9427,1/5/2024,11:56:53,3,Card
97,3180,9/9/2024,19:58:12,9,Cash
98,7186,11/15/2024,12:07:24,5,Cash
99,4195,3/19/2024,18:26:04,9,Transfer
100,2416,12/5/2024,13:48:25,6,Card
101,5605,11/8/2024,11:02:22,5,Card
102,1362,12/5/2024,12:10:30,9,Transfer
103,6437,6/10/2024,20:18:04,10,Transfer
104,6419,7/11/2024,13:01:49,9,Cash
105,2535,11/24/2024,11:20:13,3,Cash
106,1627,9/20/2024,13:35:00,5,Transfer
107,3043,8/5/2024,8:40:21,9,Cash
108,1135,7/24/2024,11:49:57,10,Cash
109,9001,4/10/2024,11:03:08,4,Card
110,8278,1/13/2024,17:19:41,6,Transfer
111,9532,8/5/2024,12:59:28,5,Card
112,7465,1/3/2024,14:20:36,4,Transfer
113,5347,10/23/2024,8:14:52,4,Transfer
114,8280,10/2/2024,13:01:37,10,Cash
115,4690,8/3/2024,10:13:20,2,Transfer
116,5719,11/1/2024,11:21:12,2,Card
117,8118,10/30/2024,20:46:29,10,Transfer
118,2684,7/16/2024,14:12:05,7,Card
119,9152,10/24/2024,11:10:07,2,Card
120,5241,2/15/2024,15:41:16,10,Cash
121,7746,11/21/2024,12:41:05,2,Transfer
122,8339,10/31/2024,17:33:08,2,Transfer
123,4216,2/19/2024,17:20:43,1,Cash
124,1592,9/14/2024,15:51:38,4,Cash
125,3924,10/16/2024,14:40:59,10,Transfer
126,3348,12/3/2024,13:16:16,5,Transfer
127,8606,12/5/2024,8:06:59,8,Card
128,1784,10/15/2024,9:49:53,8,Transfer
129,7997,3/21/2024,9:09:22,5,Transfer
130,5992,3/20/2024,17:03:30,4,Transfer
131,2884,2/17/2024,19:08:01,3,Card
132,9734,7/22/2024,14:10:48,8,Cash
133,6904,6/5/2024,15:02:43,4,Cash
134,1167,3/22/2024,11:39:05,4,Transfer
135,4199,5/8/2024,19:52:38,7,Card
136,9468,4/24/2024,13:10:32,7,Transfer
137,7501,1/25/2024,19:30:10,3,Cash
138,3193,6/27/2024,10:50:15,3,Cash
139,5554,2/10/2024,10:03:25,5,Transfer
140,7825,7/5/2024,17:21:04,1,Card
141,4549,11/9/2024,11:06:10,6,Card
142,2613,8/27/2024,11:01:41,2,Cash
143,4284,10/18/2024,13:27:54,3,Cash
144,9414,7/20/2024,15:24:51,7,Transfer
145,9198,12/27/2024,12:59:25,1,Card
146,1623,7/31/2024,15:27:24,6,Card
147,7286,2/21/2024,10:46:59,3,Cash
148,3128,4/19/2024,19:20:41,8,Card
149,6601,8/19/2024,13:03:48,2,Card
150,8242,8/9/2024,8:20:20,10,Card
151,9062,1/30/2024,18:23:23,3,Cash
152,2517,8/6/2024,20:37:57,1,Cash
153,3642,9/27/2024,17:01:47,10,Transfer
154,2372,3/16/2024,12:02:14,8,Cash
155,3248,9/21/2024,9:16:11,9,Cash
156,8274,4/8/2024,16:09:59,4,Cash
157,4169,6/18/2024,15:26:35,2,Transfer
158,2518,1/31/2024,18:36:43,3,Transfer
159,3307,12/21/2024,14:30:12,5,Card
160,9570,10/17/2024,20:19:37,5,Transfer
161,5145,7/22/2024,16:46:16,3,Transfer
162,2537,1/9/2024,11:58:34,4,Transfer
163,4578,1/28/2024,8:10:05,4,Card
164,5542,5/12/2024,10:15:35,9,Cash
165,1674,3/17/2024,19:01:33,6,Card
166,1643,6/28/2024,12:45:43,4,Card
167,4775,1/1/2024,12:48:34,4,Transfer
168,2385,10/27/2024,13:32:27,1,Cash
169,5950,7/3/2024,12:08:19,7,Card
170,1326,8/12/2024,11:36:43,7,Cash
171,1629,2/6/2024,13:22:26,5,Transfer
172,9070,8/22/2024,9:17:07,8,Transfer
173,4407,2/24/2024,13:13:54,6,Card
174,7008,8/1/2024,8:17:27,3,Card
175,5771,4/15/2024,12:00:59,3,Card
176,7889,6/2/2024,9:54:19,3,Cash
177,1085,12/17/2024,15:10:36,7,Cash
178,7030,4/30/2024,18:19:00,4,Transfer
179,3243,6/28/2024,16:36:17,9,Cash
180,4891,3/17/2024,19:57:39,8,Card
181,1603,3/14/2024,10:50:43,1,Transfer
182,8300,9/21/2024,13:53:59,2,Card
183,2561,11/29/2024,14:25:28,1,Transfer
184,2088,6/6/2024,17:29:08,5,Transfer
185,4360,8/15/2024,13:19:35,9,Cash
186,2020,7/24/2024,13:12:55,4,Transfer
187,3529,11/30/2024,19:29:52,8,Card
188,8026,1/26/2024,20:08:13,7,Transfer
189,2402,5/21/2024,11:21:52,5,Card
190,8201,2/20/2024,16:09:44,2,Transfer
191,7045,10/23/2024,8:58:17,5,Transfer
192,5654,11/5/2024,12:43:23,4,Cash
193,3451,11/18/2024,18:57:02,9,Transfer
194,2688,12/27/2024,15:10:27,5,Card
195,9761,2/21/2024,13:01:56,1,Cash
196,3802,4/12/2024,20:28:00,4,Cash
197,5296,6/1/2024,19:20:04,9,Card
198,3145,11/8/2024,12:41:34,8,Cash
199,5373,12/5/2024,8:40:19,5,Cash
200,9391,9/3/2024,11:09:32,6,Cash
201,2819,1/17/2024,15:19:20,10,Transfer
202,1985,7/22/2024,9:35:10,10,Transfer
203,6728,5/16/2024,9:34:41,7,Cash
204,5076,11/16/2024,20:04:08,5,Transfer
205,1954,3/12/2024,20:53:24,6,Transfer
206,4240,4/13/2024,14:54:59,10,Card
207,3588,5/17/2024,17:58:26,5,Cash
208,4135,12/29/2024,8:53:54,4,Cash
209,5656,12/1/2024,20:27:32,8,Transfer
210,3445,7/20/2024,9:31:49,4,Transfer
211,1998,1/12/2024,13:37:20,6,Transfer
212,4279,3/6/2024,9:03:12,10,Card
213,3110,10/1/2024,11:59:27,10,Cash
214,7244,11/20/2024,16:06:17,2,Cash
215,4926,10/27/2024,13:49:59,6,Cash
216,6010,7/16/2024,9:38:51,7,Transfer
217,3133,5/19/2024,12:51:23,5,Transfer
218,4235,2/16/2024,9:30:25,2,Cash
219,2715,10/30/2024,10:40:20,8,Transfer
220,2396,5/23/2024,9:20:06,7,Transfer
221,5353,4/27/2024,16:22:13,1,Transfer
222,1852,1/27/2024,19:43:40,6,Cash
223,5492,12/27/2024,12:46:07,3,Card
224,1373,1/21/2024,19:35:21,6,Cash
225,7185,9/23/2024,15:00:32,4,Cash
226,7523,6/1/2024,19:38:33,9,Card
227,6184,11/17/2024,12:07:07,9,Card
228,4603,6/26/2024,20:20:35,2,Transfer
229,6384,9/13/2024,11:43:15,6,Cash
230,2973,10/21/2024,17:21:42,5,Transfer
231,7119,4/29/2024,11:10:57,10,Cash
232,6407,9/24/2024,17:11:23,6,Transfer
233,6781,3/19/2024,9:01:35,3,Transfer
234,3420,6/28/2024,20:52:53,10,Cash
235,4826,6/19/2024,9:45:57,9,Transfer
236,5823,2/21/2024,17:36:28,6,Card
237,2320,8/19/2024,11:06:29,2,Card
238,5872,6/3/2024,9:36:02,10,Card
239,4610,11/3/2024,18:36:58,9,Card
240,6200,3/2/2024,14:54:51,1,Card
241,1548,2/12/2024,10:32:36,5,Transfer
242,7600,6/14/2024,20:22:32,8,Card
243,5987,4/5/2024,20:22:08,2,Transfer
244,3572,5/12/2024,16:44:41,7,Cash
245,6518,12/3/2024,14:07:32,2,Card
246,3372,10/19/2024,9:45:26,7,Card
247,9388,5/13/2024,19:49:06,1,Transfer
248,7338,5/20/2024,12:56:51,7,Card
249,6016,4/5/2024,15:32:04,1,Card
250,1537,3/16/2024,18:22:39,1,Transfer
251,4563,3/9/2024,13:27:51,3,Transfer
252,2576,2/1/2024,12:19:18,3,Transfer
253,9091,3/26/2024,9:25:44,3,Card
254,8649,12/9/2024,15:24:41,10,Cash
255,9259,8/21/2024,13:01:21,7,Transfer
256,1385,9/10/2024,19:26:39,3,Transfer
257,2806,1/8/2024,19:04:01,8,Cash
258,5046,3/18/2024,14:35:12,10,Cash
259,8816,7/3/2024,20:14:09,4,Card
260,4337,3/12/2024,8:25:31,2,Cash
261,2061,10/18/2024,20:34:13,3,Transfer
262,2083,4/5/2024,8:48:48,2,Cash
263,8417,12/23/2024,11:22:05,9,Card
264,3176,9/17/2024,18:42:21,8,Transfer
265,8539,11/12/2024,20:25:46,3,Card
266,7317,9/29/2024,8:06:06,5,Transfer
267,9866,11/1/2024,8:14:39,6,Transfer
268,2253,6/2/2024,10:54:56,9,Cash
269,9037,6/8/2024,18:29:56,5,Transfer
270,6816,12/9/2024,11:54:37,2,Transfer
271,8402,4/12/2024,13:54:31,10,Card
272,5151,10/12/2024,11:53:08,8,Card
273,6980,5/11/2024,18:34:36,3,Card
274,6758,6/16/2024,11:14:34,8,Transfer
275,8935,12/11/2024,19:34:36,5,Transfer
276,5461,8/14/2024,10:24:43,2,Transfer
277,4477,5/24/2024,14:27:26,8,Cash
278,6674,11/12/2024,8:27:23,7,Transfer
279,4531,6/25/2024,18:44:12,1,Transfer
280,8403,12/27/2024,20:58:04,9,Card
281,9786,5/11/2024,17:48:35,6,Cash
282,4611,2/8/2024,13:20:20,6,Transfer
283,1355,4/11/2024,10:07:31,3,Cash
284,5004,1/10/2024,13:20:44,1,Transfer
285,2176,3/23/2024,9:01:47,9,Card
286,4025,2/8/2024,8:01:31,2,Card
287,4823,1/9/2024,15:57:56,6,Cash
288,8519,1/22/2024,8:18:17,7,Card
289,3483,7/27/2024,19:26:03,8,Cash
290,2018,5/26/2024,18:47:31,5,Card
291,7896,11/8/2024,14:50:10,5,Cash
292,8742,6/14/2024,13:00:07,2,Cash
293,9415,1/26/2024,9:16:00,2,Transfer
294,7601,5/27/2024,9:53:02,10,Transfer
295,4976,6/24/2024,20:30:15,6,Transfer
296,7413,8/11/2024,11:44:48,9,Transfer
297,7753,9/9/2024,17:34:06,4,Card
298,5623,7/24/2024,17:49:13,10,Transfer
299,1601,6/7/2024,11:23:37,8,Cash
300,6084,7/16/2024,8:58:53,3,Card
301,6533,7/4/2024,16:54:08,1,Card
302,5740,11/29/2024,11:44:53,8,Card
303,1970,7/14/2024,9:38:45,7,Transfer
304,8214,7/18/2024,15:10:21,9,Cash
305,1844,9/10/2024,12:38:00,8,Cash
306,3341,4/25/2024,20:10:22,7,Cash
307,8136,12/30/2024,17:24:35,9,Cash
308,1532,12/23/2024,10:22:30,8,Cash
309,8792,8/28/2024,19:29:17,1,Cash
310,8495,11/30/2024,12:48:07,10,Card
311,6111,10/19/2024,18:35:57,10,Card
312,8590,5/1/2024,12:11:44,7,Transfer
313,1168,2/25/2024,14:06:13,9,Transfer
314,7231,8/5/2024,18:16:55,8,Transfer
315,5888,11/7/2024,15:46:26,8,Cash
316,6062,10/2/2024,8:23:14,6,Cash
317,2598,2/8/2024,11:24:34,1,Transfer
318,8652,1/7/2024,15:37:23,10,Cash
319,5196,12/30/2024,19:57:17,5,Transfer
320,9843,9/7/2024,10:38:36,5,Card
321,9010,5/30/2024,16:06:04,2,Card
322,5408,9/27/2024,11:19:33,3,Card
323,6052,4/15/2024,19:21:41,5,Card
324,4997,11/30/2024,11:25:52,9,Card
325,9970,10/28/2024,18:19:20,2,Cash
326,1045,12/7/2024,10:09:21,8,Card
327,5272,10/31/2024,19:23:48,3,Cash
328,3700,5/30/2024,18:16:48,8,Cash
329,3693,9/25/2024,13:28:01,8,Transfer
330,6471,8/27/2024,16:11:42,5,Transfer
331,2976,2/13/2024,19:12:19,9,Card
332,5614,2/15/2024,12:01:52,10,Card
333,7850,5/18/2024,20:32:04,8,Cash
334,5339,7/29/2024,11:13:38,9,Transfer
335,6075,6/4/2024,8:14:54,3,Transfer
336,1756,9/18/2024,17:16:28,6,Cash
337,9629,1/16/2024,13:13:21,3,Cash
338,2841,11/4/2024,12:43:19,8,Transfer
339,8901,3/26/2024,10:08:20,10,Card
340,5489,9/30/2024,12:25:51,7,Cash
341,4148,10/24/2024,8:18:58,7,Card
342,8005,10/6/2024,10:06:55,7,Cash
343,9106,2/10/2024,13:48:43,4,Card
344,4636,3/23/2024,15:06:50,6,Card
345,6606,3/13/2024,13:04:25,8,Transfer
346,3454,5/5/2024,13:43:48,5,Transfer
347,7616,2/16/2024,11:53:16,2,Card
348,6906,4/17/2024,18:48:52,9,Cash
349,1836,2/2/2024,12:18:32,2,Card
350,4577,11/26/2024,10:25:23,5,Transfer
351,5558,11/1/2024,12:57:30,10,Transfer
352,9178,9/15/2024,10:03:05,3,Transfer
353,7071,7/16/2024,20:01:28,6,Card
354,9249,11/28/2024,13:25:57,6,Transfer
355,5766,10/23/2024,17:36:57,4,Transfer
356,7018,8/21/2024,15:17:25,3,Cash
357,2902,9/5/2024,18:58:59,9,Cash
358,9301,5/16/2024,9:21:56,1,Transfer
359,6263,2/27/2024,20:00:53,1,Card
360,4739,5/7/2024,10:31:35,9,Transfer
361,7060,6/4/2024,15:30:19,2,Cash
362,3091,2/2/2024,12:05:27,1,Card
363,2413,1/1/2024,10:14:07,10,Card
364,8794,8/19/2024,16:43:33,1,Transfer
365,9627,2/13/2024,17:31:39,8,Cash
366,5717,6/4/2024,20:49:44,6,Card
367,1508,10/17/2024,12:32:06,10,Cash
368,8856,6/12/2024,11:56:11,7,Cash
369,9377,10/30/2024,17:54:48,7,Cash
370,8802,3/29/2024,9:27:55,5,Cash
371,3771,1/26/2024,11:48:34,4,Transfer
372,5615,10/18/2024,11:58:36,3,Cash
373,8811,8/9/2024,9:24:55,3,Card
374,9407,3/1/2024,8:26:37,6,Transfer
375,4377,9/29/2024,16:01:21,9,Cash
376,9181,9/22/2024,18:04:06,9,Card
377,8052,2/21/2024,13:38:21,4,Cash
378,6310,11/8/2024,18:13:08,9,Card
379,6023,8/18/2024,15:14:40,5,Cash
380,3918,10/1/2024,15:40:18,3,Card
381,4754,3/19/2024,17:18:16,3,Card
382,5142,1/24/2024,15:37:01,1,Transfer
383,4937,4/16/2024,13:19:30,5,Card
384,7044,12/5/2024,17:13:06,4,Cash
385,1738,11/19/2024,16:18:03,1,Cash
386,2758,8/23/2024,18:34:06,3,Card
387,3708,10/20/2024,17:05:05,3,Transfer
388,9026,3/1/2024,10:22:35,7,Card
389,2204,10/14/2024,14:45:55,6,Cash
390,7054,11/4/2024,12:32:56,3,Cash
391,2319,4/8/2024,19:20:44,9,Cash
392,3948,7/28/2024,14:11:11,9,Cash
393,7538,11/18/2024,12:51:55,8,Card
394,6317,3/15/2024,12:36:48,8,Transfer
395,7434,12/5/2024,9:15:01,7,Transfer
396,5557,3/18/2024,16:32:11,10,Transfer
397,9754,9/14/2024,15:26:11,10,Cash
398,5524,10/18/2024,9:39:29,7,Transfer
399,9583,4/19/2024,13:14:44,6,Card
400,2710,9/22/2024,9:12:22,10,Transfer
401,3786,2/6/2024,14:01:49,2,Card
402,3462,4/6/2024,8:11:44,2,Cash
403,6412,2/7/2024,13:42:39,6,Card
404,5222,2/28/2024,16:35:21,1,Cash
405,4189,6/5/2024,17:43:26,7,Cash
406,5546,8/15/2024,11:20:46,6,Cash
407,7337,11/24/2024,11:14:48,1,Card
408,3071,5/25/2024,20:25:37,3,Card
409,9441,10/11/2024,9:28:19,10,Card
410,8452,2/15/2024,11:34:22,2,Card
411,7001,9/16/2024,18:06:23,5,Cash
412,3639,3/15/2024,12:18:46,6,Transfer
413,3411,11/20/2024,9:14:24,10,Transfer
414,3342,9/17/2024,13:17:49,10,Cash
415,6824,3/8/2024,20:57:33,3,Transfer
416,3185,6/1/2024,12:03:40,2,Cash
417,6193,7/1/2024,9:01:08,3,Transfer
418,7503,9/23/2024,19:51:10,4,Cash
419,5349,11/18/2024,15:57:37,8,Transfer
420,3854,1/24/2024,18:00:33,10,Transfer
421,1100,5/1/2024,17:50:06,4,Cash
422,8129,3/14/2024,16:11:41,3,Card
423,7006,3/10/2024,19:55:51,8,Card
424,4920,6/21/2024,19:07:22,7,Transfer
425,3979,4/5/2024,17:26:04,9,Card
426,7906,10/19/2024,17:30:48,10,Cash
427,7566,1/18/2024,9:00:40,9,Cash
428,3280,3/21/2024,19:38:55,8,Cash
429,8758,5/11/2024,10:32:49,8,Card
430,9233,3/1/2024,16:54:01,6,Card
431,1298,1/8/2024,19:21:10,10,Transfer
432,3875,3/28/2024,20:19:33,3,Card
433,8680,3/30/2024,8:11:52,3,Card
434,2420,3/16/2024,8:17:13,3,Transfer
435,4888,10/23/2024,11:07:01,9,Card
436,8062,1/5/2024,11:25:20,1,Cash
437,5541,5/27/2024,16:07:12,7,Transfer
438,9925,2/6/2024,17:32:33,3,Cash
439,1821,3/14/2024,8:17:10,9,Cash
440,6197,4/27/2024,17:40:14,8,Card
441,4510,2/26/2024,10:08:48,2,Card
442,4661,4/26/2024,20:23:56,6,Transfer
443,7873,12/12/2024,17:14:28,10,Cash
444,4901,11/16/2024,11:18:39,4,Cash
445,9406,5/6/2024,15:17:23,7,Transfer
446,2924,9/3/2024,18:27:48,4,Cash
447,7284,10/20/2024,10:30:41,6,Cash
448,2743,11/12/2024,15:19:33,1,Card
449,8736,3/3/2024,10:23:56,8,Transfer
450,2823,2/14/2024,16:47:21,9,Cash
451,7428,9/2/2024,13:15:33,5,Cash
452,9834,4/15/2024,12:52:34,9,Cash
453,8749,11/30/2024,9:58:23,5,Cash
454,5904,7/9/2024,9:55:09,2,Cash
455,5512,1/23/2024,18:58:13,2,Card
456,8329,3/8/2024,20:06:00,2,Card
457,2749,11/21/2024,12:15:42,2,Card
458,8763,1/1/2024,16:27:12,3,Card
459,2306,12/16/2024,9:06:07,6,Transfer
460,5155,4/30/2024,9:29:25,3,Cash
461,3903,8/29/2024,8:59:04,2,Card
462,7257,5/16/2024,19:57:57,8,Transfer
463,3449,8/18/2024,20:35:14,9,Card
464,5540,12/30/2024,14:41:08,4,Cash
465,9836,8/14/2024,20:08:29,6,Card
466,5683,6/24/2024,18:33:52,5,Transfer
467,3666,2/2/2024,12:04:40,2,Cash
468,3273,4/12/2024,17:46:47,7,Cash
469,9337,10/14/2024,8:26:02,5,Transfer
470,6496,10/19/2024,17:41:53,1,Cash
471,3227,9/10/2024,11:38:34,10,Cash
472,1311,6/3/2024,14:33:44,4,Transfer
473,4764,10/15/2024,14:25:57,1,Transfer
474,8686,11/6/2024,12:14:28,4,Transfer
475,7219,11/21/2024,20:12:27,5,Card
476,8260,11/29/2024,11:35:43,3,Transfer
477,7910,8/9/2024,9:39:44,3,Cash
478,2726,7/3/2024,11:33:22,5,Transfer
479,3569,4/2/2024,8:11:02,1,Cash
480,1239,4/15/2024,16:13:05,1,Cash
481,5081,1/28/2024,20:54:52,1,Transfer
482,4435,11/3/2024,10:26:23,4,Card
483,6148,12/26/2024,18:20:56,4,Card
484,7664,1/22/2024,18:46:58,7,Cash
485,5111,11/6/2024,14:37:23,1,Transfer
486,6044,3/23/2024,17:42:27,9,Card
487,1325,3/8/2024,10:24:36,4,Cash
488,3755,11/17/2024,15:18:29,10,Card
489,7740,11/14/2024,14:36:14,8,Cash
490,7767,7/21/2024,14:17:38,2,Card
491,7711,11/22/2024,10:24:02,5,Card
492,4909,6/17/2024,15:34:11,1,Transfer
493,3018,5/2/2024,16:21:45,2,Transfer
494,5651,9/23/2024,14:56:07,4,Card
495,7900,5/19/2024,8:15:09,10,Cash
496,1857,9/16/2024,10:59:42,9,Card
497,8438,2/27/2024,17:01:12,4,Transfer
498,9029,12/25/2024,20:37:17,6,Cash
499,4447,11/2/2024,14:46:53,6,Card
500,3629,2/16/2024,9:01:54,1,Cash
501,4201,2/21/2024,12:55:07,4,Card
502,3640,8/29/2024,16:57:40,8,Transfer
503,6784,1/5/2024,20:43:21,1,Transfer
504,9533,7/3/2024,8:49:21,8,Card
505,2174,5/23/2024,10:46:08,1,Transfer
506,7199,1/15/2024,8:11:27,8,Cash
507,7702,12/3/2024,19:19:55,4,Cash
508,9666,4/8/2024,13:19:44,5,Cash
509,6325,9/12/2024,15:51:04,10,Card
510,4328,7/11/2024,8:26:30,5,Card
511,2650,2/26/2024,19:37:18,8,Cash
512,4749,4/21/2024,15:38:49,1,Transfer
513,2167,8/24/2024,9:22:38,3,Transfer
514,9975,9/25/2024,12:59:33,3,Transfer
515,9334,6/28/2024,9:03:07,3,Cash
516,5247,6/10/2024,15:14:28,4,Transfer
517,1275,10/3/2024,12:10:03,8,Card
518,9618,6/23/2024,13:59:06,4,Cash
519,7610,8/9/2024,20:54:08,4,Cash
520,1582,7/28/2024,16:56:10,8,Transfer
521,9995,11/15/2024,9:51:35,6,Transfer
522,5238,5/9/2024,14:38:29,2,Card
523,5234,8/28/2024,8:00:11,1,Transfer
524,6631,4/14/2024,11:01:05,3,Transfer
525,1811,10/17/2024,20:53:02,10,Card
526,5024,10/1/2024,20:17:36,5,Transfer
527,7533,1/12/2024,15:25:35,1,Transfer
528,6186,8/2/2024,13:08:23,6,Cash
529,1714,4/28/2024,18:38:20,10,Transfer
530,1232,1/20/2024,20:52:15,6,Card
531,4857,4/3/2024,17:41:24,7,Cash
532,7687,4/17/2024,13:48:19,9,Transfer
533,7851,6/3/2024,15:58:54,5,Card
534,7368,8/16/2024,12:16:16,7,Cash
535,8842,4/19/2024,16:36:16,4,Card
536,1251,12/3/2024,15:21:53,8,Card
537,7582,4/30/2024,8:47:46,1,Cash
538,8486,4/13/2024,8:33:44,5,Cash
539,1475,12/20/2024,13:29:03,2,Card
540,5910,12/3/2024,16:06:22,5,Card
541,7690,4/5/2024,15:12:07,5,Transfer
542,6368,1/15/2024,15:34:43,7,Transfer
543,6123,9/25/2024,9:57:34,1,Cash
544,7352,8/22/2024,10:33:33,8,Card
545,2202,2/19/2024,19:36:24,7,Card
546,3887,9/27/2024,8:20:49,6,Transfer
547,7459,12/29/2024,8:45:14,4,Card
548,6507,1/12/2024,15:35:53,10,Cash
549,1034,5/6/2024,17:55:59,5,Card
550,2252,5/23/2024,17:47:16,9,Card
551,7074,12/17/2024,20:20:27,8,Card
552,8671,8/29/2024,9:54:11,2,Transfer
553,6531,11/28/2024,16:36:42,1,Transfer
554,2042,3/3/2024,19:06:22,10,Card
555,1766,11/23/2024,20:00:45,9,Cash
556,7597,7/25/2024,14:53:03,7,Cash
557,7227,2/21/2024,8:56:56,8,Cash
558,4931,2/25/2024,18:08:42,6,Cash
559,1186,8/16/2024,11:39:15,8,Card
560,9028,9/10/2024,12:02:37,2,Card
561,9962,10/16/2024,15:49:58,7,Cash
562,1827,2/13/2024,14:07:26,5,Cash
563,5393,6/29/2024,8:16:30,10,Card
564,7879,6/22/2024,9:33:56,9,Card
565,6390,12/25/2024,16:27:05,7,Cash
566,1877,6/7/2024,17:22:00,8,Card
567,9938,1/19/2024,13:27:35,6,Card
568,9636,10/28/2024,19:51:40,6,Card
569,3478,12/10/2024,15:45:41,9,Cash
570,3033,10/4/2024,13:42:53,9,Card
571,5453,3/2/2024,13:08:40,6,Cash
572,9671,3/8/2024,12:48:49,4,Cash
573,9609,3/29/2024,14:17:22,2,Card
574,4331,5/31/2024,10:09:00,2,Transfer
575,5317,9/17/2024,12:21:48,4,Card
576,6070,9/12/2024,8:18:11,1,Cash
577,2685,5/22/2024,12:23:21,4,Transfer
578,6406,7/5/2024,19:25:33,9,Card
579,4140,3/20/2024,10:12:00,4,Cash
580,3741,7/10/2024,15:48:28,5,Transfer
581,5662,7/28/2024,17:55:30,5,Cash
582,2588,8/16/2024,19:05:37,9,Cash
583,9237,10/9/2024,20:29:17,9,Card
584,9433,11/3/2024,16:31:35,5,Card
585,7953,7/3/2024,11:00:02,9,Cash
586,3723,4/5/2024,10:09:58,9,Transfer
587,5855,5/6/2024,11:27:57,2,Cash
588,8359,1/4/2024,20:23:09,10,Transfer
589,1319,2/12/2024,15:31:46,1,Cash
590,4499,3/15/2024,17:59:19,1,Card
591,6582,12/15/2024,14:46:48,5,Cash
592,3234,3/18/2024,11:21:34,7,Transfer
593,9157,11/10/2024,9:13:24,2,Card
594,6219,4/5/2024,17:06:45,3,Transfer
595,5593,1/20/2024,15:47:40,3,Card
596,8537,3/15/2024,16:17:21,5,Cash
597,2480,5/17/2024,10:03:18,10,Transfer
598,2133,12/4/2024,19:09:15,3,Transfer
599,6590,7/5/2024,20:46:27,3,Cash
600,4930,2/20/2024,15:36:12,8,Transfer
601,5323,1/25/2024,13:34:09,10,Transfer
602,8508,8/18/2024,14:47:11,1,Cash
603,9284,12/16/2024,12:19:43,4,Cash
604,5630,5/31/2024,10:08:54,8,Transfer
605,6162,3/3/2024,14:06:42,8,Card
606,8765,7/11/2024,9:51:25,1,Cash
607,9478,5/28/2024,9:57:36,6,Card
608,8724,8/20/2024,9:57:07,7,Transfer
609,9872,4/29/2024,16:14:55,7,Cash
610,7483,5/9/2024,16:20:23,4,Card
611,2360,10/9/2024,16:41:56,10,Cash
612,4430,2/15/2024,18:58:07,1,Card
613,9369,3/10/2024,13:26:39,9,Cash
614,7821,5/12/2024,8:25:05,6,Card
615,3272,10/28/2024,14:30:44,2,Cash
616,5871,5/10/2024,15:10:10,6,Cash
617,1071,11/5/2024,12:23:10,2,Cash
618,8977,3/31/2024,10:20:41,6,Card
619,4801,4/15/2024,17:53:19,7,Card
620,3869,10/11/2024,17:40:18,5,Transfer
621,5868,12/17/2024,12:35:58,6,Transfer
622,4281,12/21/2024,19:33:13,4,Card
623,9837,8/26/2024,15:23:35,7,Transfer
624,2380,4/9/2024,20:48:43,10,Cash
625,8665,10/6/2024,10:51:27,4,Transfer
626,2003,4/16/2024,18:09:29,5,Card
627,2339,8/31/2024,18:04:31,1,Card
628,1663,5/23/2024,16:07:43,8,Cash
629,1512,3/31/2024,18:41:23,7,Cash
630,3131,5/27/2024,18:11:02,7,Cash
631,4990,10/25/2024,14:10:20,5,Cash
632,6562,5/26/2024,20:54:07,2,Cash
633,6651,6/22/2024,11:40:22,5,Cash
634,1949,5/25/2024,15:23:52,7,Transfer
635,6335,6/27/2024,10:14:32,9,Cash
636,1308,12/27/2024,18:27:50,2,Card
637,8750,12/21/2024,10:56:15,10,Transfer
638,7856,6/7/2024,18:42:44,1,Transfer
639,5693,2/27/2024,16:26:12,10,Cash
640,5757,2/15/2024,14:12:24,1,Transfer
641,9068,3/8/2024,19:48:50,8,Cash
642,2492,7/25/2024,19:16:42,5,Transfer
643,8732,10/28/2024,9:57:58,2,Card
644,6743,2/7/2024,17:59:01,3,Card
645,2990,7/30/2024,10:36:08,9,Cash
646,7146,3/16/2024,10:19:10,4,Transfer
647,7183,9/25/2024,19:47:15,7,Cash
648,7719,3/31/2024,19:09:48,7,Cash
649,1805,6/11/2024,17:35:53,7,Transfer
650,2409,2/15/2024,15:49:47,10,Transfer
651,7588,10/24/2024,10:49:23,5,Card
652,2218,7/26/2024,14:47:47,10,Cash
653,6318,8/15/2024,14:50:13,3,Transfer
654,6500,7/19/2024,14:35:55,5,Transfer
655,7820,12/1/2024,13:55:04,5,Cash
656,3442,5/3/2024,12:31:56,5,Transfer
657,9399,4/4/2024,15:06:55,6,Card
658,1179,2/10/2024,8:03:04,4,Card
659,7028,7/31/2024,8:45:50,8,Cash
660,1933,7/29/2024,15:17:48,8,Cash
661,7756,12/25/2024,20:06:42,4,Cash
662,5808,8/18/2024,12:44:24,1,Transfer
663,4772,12/21/2024,16:59:11,9,Cash
664,7772,8/18/2024,20:49:06,1,Transfer
665,2629,8/25/2024,19:04:50,9,Card
666,6544,2/8/2024,17:04:31,3,Card
667,9466,8/25/2024,8:54:09,6,Cash
668,1553,1/7/2024,17:34:52,6,Card
669,1352,4/9/2024,15:54:57,1,Transfer
670,4881,3/9/2024,8:58:35,1,Transfer
671,5590,3/18/2024,17:07:03,1,Transfer
672,1439,4/5/2024,15:25:04,2,Card
673,8027,4/27/2024,12:55:54,1,Cash
674,8687,1/14/2024,16:53:49,2,Card
675,5253,11/23/2024,8:04:26,9,Cash
676,4588,9/24/2024,17:41:30,3,Cash
677,7026,1/7/2024,12:20:23,7,Cash
678,2188,6/21/2024,11:52:30,9,Cash
679,5559,3/1/2024,10:53:40,6,Cash
680,5837,2/22/2024,11:01:30,3,Cash
681,3330,4/8/2024,11:18:55,1,Card
682,6537,2/10/2024,18:54:05,6,Card
683,8514,5/16/2024,13:01:48,2,Transfer
684,5701,11/4/2024,15:12:31,4,Card
685,2461,12/20/2024,19:09:34,5,Card
686,4373,3/27/2024,18:03:35,6,Card
687,3842,9/19/2024,17:51:49,9,Card
688,3545,11/16/2024,17:23:37,8,Card
689,6465,5/31/2024,11:12:15,1,Card
690,4104,6/7/2024,17:00:55,10,Card
691,1120,4/27/2024,20:00:14,4,Card
692,5169,1/24/2024,8:12:34,8,Cash
693,7809,11/9/2024,13:47:20,4,Card
694,1330,9/25/2024,11:28:01,6,Transfer
695,3443,11/30/2024,17:17:22,7,Card
696,3485,6/23/2024,13:45:15,6,Cash
697,6007,10/21/2024,12:44:56,6,Card
698,9349,4/22/2024,18:22:11,9,Transfer
699,7098,1/3/2024,20:30:44,3,Transfer
700,9392,2/29/2024,12:13:19,3,Card
701,3619,4/9/2024,12:53:29,1,Transfer
702,7638,9/4/2024,11:43:21,1,Card
703,5425,10/6/2024,16:10:27,7,Transfer
704,2956,4/2/2024,15:56:13,9,Card
705,4246,3/23/2024,17:03:48,5,Cash
706,1991,11/6/2024,20:23:30,2,Card
707,5406,12/29/2024,16:22:03,4,Transfer
708,7742,10/3/2024,18:13:47,7,Card
709,4013,8/8/2024,15:51:58,9,Cash
710,8673,2/22/2024,14:17:06,2,Cash
711,6506,8/8/2024,20:33:19,9,Card
712,4736,9/15/2024,19:54:54,1,Transfer
713,6806,7/31/2024,13:06:09,1,Cash
714,1432,1/1/2024,20:03:26,6,Transfer
715,2056,4/15/2024,15:03:17,6,Card
716,8709,3/7/2024,13:52:59,7,Cash
717,3722,8/27/2024,16:04:29,3,Cash
718,9788,7/22/2024,11:25:34,5,Transfer
719,3415,11/3/2024,12:48:03,3,Transfer
720,4302,1/8/2024,17:25:14,10,Cash
721,8921,7/27/2024,19:18:13,1,Card
722,9079,1/24/2024,12:27:00,5,Transfer
723,9042,4/1/2024,9:37:28,10,Cash
724,3184,6/25/2024,17:21:51,7,Card
725,8165,1/26/2024,19:29:14,9,Cash
726,6804,12/14/2024,8:23:46,5,Card
727,5535,12/27/2024,11:17:06,2,Transfer
728,9943,11/18/2024,19:25:17,8,Card
729,5061,10/7/2024,8:38:15,10,Cash
730,1140,12/25/2024,8:08:44,4,Transfer
731,9162,1/28/2024,10:59:23,7,Transfer
732,9791,1/1/2024,15:35:55,7,Transfer
733,6551,1/10/2024,13:49:50,3,Transfer
734,7288,11/2/2024,11:41:42,5,Cash
735,6649,8/19/2024,18:09:19,7,Cash
736,8215,10/25/2024,19:43:21,6,Transfer
737,7956,10/31/2024,20:49:03,6,Card
738,9169,11/21/2024,15:38:46,8,Transfer
739,2503,6/17/2024,16:30:49,7,Transfer
740,1386,3/26/2024,19:24:23,2,Cash
741,2100,1/15/2024,20:20:01,5,Card
742,8328,1/26/2024,12:42:48,5,Transfer
743,4614,10/5/2024,19:34:18,1,Card
744,9125,4/30/2024,20:25:22,4,Cash
745,3423,12/16/2024,20:17:49,8,Transfer
746,3260,1/29/2024,8:34:30,9,Card
747,5340,4/27/2024,11:01:52,5,Transfer
748,3077,1/13/2024,14:57:42,1,Card
749,5472,11/8/2024,12:23:55,5,Cash
750,1382,1/8/2024,10:11:39,5,Cash
751,5829,1/16/2024,16:50:06,8,Transfer
752,5922,9/27/2024,15:11:17,2,Cash
753,7296,6/24/2024,19:05:47,9,Cash
754,1986,10/29/2024,8:53:17,4,Transfer
755,1622,8/19/2024,17:12:47,5,Cash
756,3692,4/13/2024,10:47:41,6,Card
757,8773,7/22/2024,20:19:21,5,Cash
758,5255,7/17/2024,18:17:01,3,Cash
759,5940,8/31/2024,20:14:53,7,Transfer
760,6404,2/2/2024,10:59:03,2,Card
761,4409,12/3/2024,13:04:05,10,Transfer
762,4713,4/21/2024,14:05:17,10,Card
763,4416,8/9/2024,9:58:01,8,Card
764,3034,12/19/2024,11:06:16,9,Cash
765,9718,4/22/2024,12:27:28,2,Card
766,6855,10/30/2024,14:54:29,7,Cash
767,5176,9/7/2024,16:28:32,7,Transfer
768,9585,3/18/2024,11:37:47,5,Transfer
769,4589,10/31/2024,9:05:32,5,Card
770,5025,1/14/2024,12:09:26,1,Cash
771,3468,3/23/2024,19:30:34,6,Transfer
772,7395,5/13/2024,11:34:52,8,Transfer
773,9565,2/23/2024,14:13:19,5,Transfer
774,1104,12/29/2024,14:13:10,8,Cash
775,2198,11/13/2024,11:03:35,1,Transfer
776,7385,3/11/2024,19:39:37,8,Card
777,6979,3/16/2024,10:30:58,8,Cash
778,2901,12/16/2024,16:10:54,9,Cash
779,5555,5/8/2024,9:32:40,1,Card
780,9158,4/8/2024,11:11:41,8,Transfer
781,9721,7/4/2024,13:33:40,4,Transfer
782,6945,3/18/2024,14:15:36,7,Card
783,5130,1/28/2024,20:11:47,2,Cash
784,1015,1/26/2024,11:35:50,6,Card
785,1056,4/29/2024,8:15:11,7,Transfer
786,7945,1/24/2024,16:23:52,4,Card
787,7462,8/30/2024,18:06:14,3,Transfer
788,1077,12/15/2024,10:56:15,1,Card
789,6539,1/11/2024,17:03:47,9,Transfer
790,3335,12/10/2024,13:23:25,8,Cash
791,6316,7/12/2024,9:36:01,5,Transfer
792,3714,9/7/2024,20:39:54,2,Cash
793,3386,8/24/2024,8:56:57,9,Transfer
794,8372,2/19/2024,20:14:32,9,Transfer
795,5293,4/18/2024,17:25:35,8,Card
796,5068,7/24/2024,12:42:33,10,Cash
797,5752,4/5/2024,14:12:10,9,Transfer
798,5576,12/25/2024,11:49:17,4,Card
799,3491,11/14/2024,15:35:23,1,Cash
800,4118,4/17/2024,12:43:40,9,Cash
801,1584,6/14/2024,17:36:43,2,Transfer
802,7171,12/29/2024,16:53:48,7,Cash
803,3592,7/30/2024,18:36:12,2,Cash
804,6919,3/7/2024,20:36:44,5,Transfer
805,5858,6/21/2024,11:03:18,7,Cash
806,4731,3/1/2024,10:42:41,5,Transfer
807,9931,2/9/2024,11:55:34,4,Transfer
808,2673,11/7/2024,19:03:11,2,Cash
809,9537,12/10/2024,10:15:41,6,Cash
810,5798,5/13/2024,14:06:00,10,Transfer
811,7727,5/26/2024,18:00:01,8,Card
812,1316,2/22/2024,12:55:28,5,Transfer
813,5596,8/8/2024,18:16:21,8,Card
814,6146,3/5/2024,17:15:49,9,Transfer
815,8338,5/25/2024,12:32:01,2,Cash
816,5027,7/12/2024,15:16:27,6,Card
817,6873,4/6/2024,20:54:36,10,Transfer
818,9347,9/25/2024,14:18:30,9,Transfer
819,4591,12/7/2024,19:18:26,7,Card
820,3765,1/9/2024,18:40:45,10,Transfer
821,1861,1/5/2024,14:07:15,2,Card
822,6459,8/28/2024,9:16:49,10,Transfer
823,1123,4/15/2024,16:22:12,4,Transfer
824,7845,5/9/2024,19:27:08,6,Transfer
825,7211,12/6/2024,18:07:15,1,Cash
826,4358,2/25/2024,17:05:04,2,Card
827,2735,7/1/2024,9:26:24,2,Cash
828,4770,6/19/2024,16:05:39,5,Transfer
829,8541,11/13/2024,12:01:44,6,Transfer
830,2146,12/25/2024,9:44:48,10,Card
831,7452,3/17/2024,20:11:15,2,Cash
832,2555,1/16/2024,14:42:03,8,Transfer
833,4374,5/8/2024,19:03:18,9,Card
834,5139,9/18/2024,14:55:41,10,Transfer
835,9689,11/6/2024,18:06:06,1,Transfer
836,2765,8/27/2024,11:55:49,2,Cash
837,2278,6/2/2024,9:14:39,10,Card
838,3203,3/19/2024,20:21:58,3,Transfer
839,5514,5/9/2024,16:02:58,2,Transfer
840,4113,3/19/2024,10:34:33,10,Card
841,3006,8/13/2024,14:16:41,4,Card
842,3171,5/6/2024,10:24:07,2,Card
843,7652,3/8/2024,17:39:29,6,Cash
844,6567,10/30/2024,16:38:08,7,Card
845,5005,8/2/2024,19:11:58,3,Transfer
846,1267,1/10/2024,19:49:11,9,Card
847,3458,7/11/2024,18:59:48,3,Card
848,9477,7/12/2024,19:36:23,5,Card
849,9946,6/18/2024,16:02:48,3,Transfer
850,2294,3/26/2024,8:47:14,5,Cash
851,6026,3/6/2024,16:22:19,7,Card
852,4492,7/2/2024,16:12:37,4,Transfer
853,5228,11/25/2024,9:48:13,8,Transfer
854,9095,7/29/2024,18:00:32,10,Card
855,4869,2/15/2024,19:41:17,5,Card
856,2301,1/31/2024,11:27:44,1,Card
857,6847,6/12/2024,10:46:30,8,Transfer
858,2514,3/24/2024,15:23:50,10,Cash
859,8098,9/3/2024,13:35:30,2,Card
860,5597,4/24/2024,20:40:17,5,Card
861,6346,12/20/2024,18:23:59,4,Transfer
862,6085,4/9/2024,8:54:30,3,Card
863,8982,5/1/2024,14:58:34,4,Cash
864,5343,11/2/2024,8:03:41,9,Transfer
865,1695,2/22/2024,12:40:15,10,Cash
866,1118,7/25/2024,12:43:41,2,Transfer
867,6823,1/7/2024,20:14:35,7,Transfer
868,4720,3/22/2024,20:12:23,1,Cash
869,4762,11/16/2024,14:59:19,10,Transfer
870,7522,10/8/2024,15:07:34,9,Card
871,7200,10/20/2024,12:32:06,8,Cash
872,7176,10/9/2024,16:14:25,5,Transfer
873,8436,7/3/2024,15:16:09,2,Transfer
874,5582,10/17/2024,17:15:34,4,Transfer
875,6711,10/19/2024,12:54:03,4,Transfer
876,1279,8/13/2024,15:33:58,1,Transfer
877,6622,8/29/2024,20:51:43,4,Cash
878,6933,10/17/2024,8:54:46,3,Card
879,7969,7/14/2024,15:24:03,2,Cash
880,7751,12/14/2024,9:57:42,10,Card
881,7068,10/5/2024,13:32:11,10,Cash
882,9100,1/4/2024,15:19:31,5,Transfer
883,2886,9/3/2024,13:59:21,9,Card
884,2429,1/16/2024,15:11:03,6,Card
885,4579,7/7/2024,12:06:42,2,Cash
886,6898,2/13/2024,17:20:35,7,Transfer
887,9955,2/25/2024,20:30:39,5,Card
888,5831,1/2/2024,19:41:21,5,Card
889,2206,8/1/2024,19:25:10,2,Card
890,9449,12/10/2024,19:33:36,2,Transfer
891,8373,8/21/2024,20:28:52,8,Card
892,1641,5/2/2024,17:48:23,3,Cash
893,5918,3/31/2024,16:13:57,1,Card
894,9447,11/15/2024,14:22:40,7,Transfer
895,4121,9/25/2024,13:55:52,10,Transfer
896,1599,9/5/2024,8:05:39,9,Card
897,1720,11/6/2024,20:10:39,7,Card
898,5109,8/16/2024,18:46:07,7,Card
899,8325,11/1/2024,15:44:46,3,Cash
900,6964,8/20/2024,20:22:11,7,Cash
901,4251,9/5/2024,18:17:53,3,Card
902,6907,11/16/2024,10:30:22,6,Card
903,4208,10/29/2024,10:50:17,9,Transfer
904,2760,9/21/2024,8:33:49,7,Transfer
905,9529,9/16/2024,18:28:06,6,Transfer
906,2632,6/21/2024,12:37:33,10,Card
907,9490,8/30/2024,11:40:14,8,Card
908,8570,1/25/2024,12:14:35,4,Card
909,8406,7/3/2024,18:11:51,4,Cash
910,8463,11/12/2024,13:10:52,7,Transfer
911,1025,7/14/2024,13:46:05,3,Transfer
912,6726,7/13/2024,17:52:36,8,Card
913,1065,4/27/2024,19:13:58,4,Transfer
914,5720,10/20/2024,18:40:37,8,Card
915,4763,12/21/2024,17:25:20,7,Card
916,5503,1/27/2024,19:43:26,2,Transfer
917,2040,8/28/2024,17:48:48,10,Card
918,1571,12/11/2024,16:32:51,3,Transfer
919,8461,3/11/2024,14:15:14,7,Transfer
920,4969,9/5/2024,8:26:58,9,Transfer
921,5773,3/24/2024,12:41:46,9,Card
922,4411,3/16/2024,8:06:56,6,Transfer
923,5633,11/3/2024,15:00:58,8,Card
924,2897,10/3/2024,8:30:23,1,Transfer
925,1772,8/8/2024,12:04:28,2,Cash
926,9746,5/28/2024,14:15:31,3,Card
927,1893,8/18/2024,20:23:06,10,Transfer
928,6589,3/4/2024,18:42:39,4,Transfer
929,9040,9/27/2024,14:35:20,6,Transfer
930,8994,10/25/2024,8:12:28,9,Transfer
931,9998,8/25/2024,9:18:19,10,Cash
932,4324,10/29/2024,9:25:18,2,Transfer
933,1285,3/12/2024,8:49:01,6,Card
934,9078,5/29/2024,10:03:19,10,Card
935,4227,1/19/2024,17:23:50,7,Transfer
936,8915,7/16/2024,9:54:43,8,Cash
937,2080,9/7/2024,9:11:05,4,Transfer
938,5806,1/20/2024,15:43:08,7,Transfer
939,8853,3/4/2024,20:58:11,5,Transfer
940,3775,11/19/2024,9:11:08,2,Card
941,6872,6/15/2024,19:44:37,9,Card
942,2106,10/3/2024,12:45:56,9,Cash
943,9050,4/11/2024,12:51:20,3,Card
944,4425,2/3/2024,19:16:09,5,Cash
945,1001,12/12/2024,17:06:29,2,Cash
946,2483,9/22/2024,11:04:25,4,Cash
947,1503,12/11/2024,18:27:11,2,Card
948,2178,9/21/2024,18:13:31,8,Card
949,1183,11/8/2024,12:48:45,8,Transfer
950,4516,8/9/2024,10:55:55,4,Transfer
951,7536,8/31/2024,14:54:32,3,Transfer
952,1419,8/20/2024,17:57:54,5,Transfer
953,6255,6/2/2024,12:41:24,5,Transfer
954,3808,6/1/2024,14:27:40,6,Cash
955,4685,1/1/2024,13:24:11,10,Card
956,2579,9/16/2024,11:35:43,10,Cash
957,8993,2/16/2024,18:34:07,8,Transfer
958,8799,6/3/2024,10:39:49,4,Transfer
959,4945,1/5/2024,12:46:00,5,Transfer
960,2017,1/13/2024,15:44:26,8,Cash
961,1951,11/22/2024,12:25:04,6,Cash
962,5350,12/2/2024,9:53:51,1,Transfer
963,6211,3/18/2024,13:03:09,2,Card
964,9763,2/2/2024,10:04:02,6,Transfer
965,5324,6/16/2024,15:01:18,5,Card
966,6861,10/4/2024,15:49:37,5,Transfer
967,3848,3/11/2024,15:49:08,9,Cash
968,7029,12/1/2024,8:31:30,5,Card
969,8236,11/6/2024,17:50:45,8,Cash
970,3819,12/12/2024,10:33:26,7,Card
971,7788,11/8/2024,18:00:28,1,Transfer
972,4096,9/24/2024,15:53:10,6,Card
973,2590,11/24/2024,20:32:46,6,Transfer
974,4379,4/29/2024,16:11:48,5,Cash
975,6055,6/10/2024,16:09:41,6,Card
976,3817,9/22/2024,16:04:56,4,Cash
977,5218,4/20/2024,12:47:11,5,Card
978,8619,9/28/2024,14:25:41,9,Cash
979,4533,5/18/2024,12:34:51,4,Transfer
980,8466,6/15/2024,14:33:57,2,Transfer
981,9307,4/25/2024,13:05:36,3,Transfer
982,6004,11/24/2024,11:25:26,7,Card
983,5412,12/10/2024,16:30:57,1,Transfer
984,4843,9/2/2024,12:54:50,5,Transfer
985,8068,10/17/2024,12:57:58,2,Transfer
986,1494,2/29/2024,19:56:37,6,Cash
987,7346,7/5/2024,10:12:18,2,Cash
988,9708,5/5/2024,12:05:37,7,Transfer
989,6261,4/4/2024,16:52:29,7,Transfer
990,3590,8/12/2024,15:03:38,4,Transfer
991,4886,1/1/2024,16:19:45,5,Transfer
992,1213,12/30/2024,18:05:38,5,Card
993,6275,3/9/2024,14:51:32,4,Cash
994,1318,5/5/2024,10:55:52,5,Card
995,2834,7/20/2024,11:04:57,8,Card
996,7565,5/4/2024,14:29:37,2,Card
997,1993,12/20/2024,10:09:05,7,Card
998,7901,12/26/2024,9:36:57,3,Cash
999,5648,10/26/2024,8:53:29,4,Card
1000,4612,7/7/2024,18:55:45,8,Transfer
1001,8569,7/16/2024,11:55:05,7,Transfer
1002,2914,9/20/2024,14:59:15,3,Card
1003,8822,3/21/2024,9:25:01,6,Card
1004,7210,6/17/2024,11:53:10,2,Transfer
1005,3809,1/27/2024,18:11:05,9,Cash
1006,5964,6/20/2024,14:51:19,5,Cash
1007,2113,6/21/2024,17:43:43,8,Cash
1008,8416,6/17/2024,20:21:24,2,Card
1009,3035,12/22/2024,16:08:14,6,Card
1010,3866,11/11/2024,14:09:16,7,Cash
1011,4675,8/15/2024,14:14:20,2,Cash
1012,2812,1/29/2024,19:28:01,7,Card
1013,9901,2/11/2024,13:59:48,4,Transfer
1014,5256,12/15/2024,19:43:41,2,Card
1015,1188,6/29/2024,12:54:15,2,Cash
1016,2014,8/26/2024,15:44:35,5,Transfer
1017,4907,7/22/2024,8:15:51,1,Card
1018,1716,4/10/2024,11:06:14,2,Card
1019,2151,10/21/2024,10:37:09,4,Card
1020,7310,1/5/2024,8:35:26,9,Cash
1021,7739,11/4/2024,17:46:33,1,Transfer
1022,8390,4/24/2024,14:35:43,9,Transfer
1023,4642,12/4/2024,16:45:12,8,Transfer
1024,4746,9/20/2024,15:20:12,2,Card
1025,7807,8/16/2024,15:56:24,2,Cash
1026,2714,9/27/2024,18:33:16,2,Card
1027,7922,8/2/2024,18:44:04,3,Transfer
1028,2118,5/20/2024,12:25:35,1,Card
1029,7926,6/14/2024,19:22:37,8,Cash
1030,4850,5/4/2024,10:14:10,2,Transfer
1031,5114,6/24/2024,9:49:45,7,Transfer
1032,1606,6/11/2024,18:40:54,9,Cash
1033,6114,9/23/2024,9:42:58,5,Cash
1034,7701,2/6/2024,13:01:16,5,Card
1035,3139,9/25/2024,9:28:56,5,Transfer
1036,9472,7/23/2024,15:53:03,4,Transfer
1037,7412,9/15/2024,10:25:51,1,Card
1038,4277,1/9/2024,18:22:40,3,Card
1039,1133,1/16/2024,20:32:43,8,Transfer
1040,5736,2/17/2024,13:45:47,9,Card
1041,5760,9/29/2024,9:06:11,6,Card
1042,5706,8/25/2024,11:53:33,2,Transfer
1043,5667,6/17/2024,19:55:01,3,Cash
1044,9676,3/18/2024,12:49:08,8,Cash
1045,4009,11/7/2024,11:01:51,6,Card
1046,7247,8/24/2024,9:06:37,6,Cash
1047,5580,3/19/2024,9:15:42,9,Card
1048,4647,1/1/2024,14:57:59,7,Cash
1049,6429,8/21/2024,8:46:42,4,Cash
1050,8772,8/2/2024,9:15:40,8,Transfer
1051,3922,10/18/2024,14:19:47,10,Cash
1052,1201,11/14/2024,8:06:40,3,Cash
1053,7671,1/4/2024,8:11:23,7,Card
1054,3352,9/5/2024,17:01:18,2,Card
1055,9317,6/10/2024,11:21:58,7,Card
1056,9372,11/12/2024,20:53:12,4,Cash
1057,5477,9/2/2024,9:37:18,1,Card
1058,1269,5/23/2024,19:30:03,1,Transfer
1059,9799,10/21/2024,14:25:13,2,Transfer
1060,8793,10/29/2024,13:58:46,9,Cash
1061,4154,8/26/2024,14:30:15,8,Transfer
1062,6782,10/14/2024,10:24:38,5,Cash
1063,1286,11/5/2024,15:01:40,9,Card
1064,2353,9/11/2024,20:24:53,5,Card
1065,4234,5/23/2024,19:40:17,8,Cash
1066,5067,10/12/2024,10:10:43,10,Cash
1067,1927,9/24/2024,20:55:46,6,Transfer
1068,2947,7/24/2024,16:45:16,10,Cash
1069,5840,6/7/2024,15:22:32,9,Cash
1070,1660,6/1/2024,8:44:53,10,Card
1071,1518,9/18/2024,10:34:31,6,Card
1072,7145,12/24/2024,11:54:01,7,Transfer
1073,1205,8/10/2024,14:51:32,4,Card
1074,4544,12/27/2024,17:27:53,2,Cash
1075,8907,10/27/2024,10:03:26,3,Card
1076,7500,9/1/2024,18:34:09,1,Card
1077,4051,2/15/2024,16:27:26,7,Card
1078,3606,9/20/2024,15:37:03,6,Cash
1079,1945,1/22/2024,13:05:05,3,Card
1080,8913,10/1/2024,16:42:03,8,Cash
1081,6757,12/30/2024,13:34:38,4,Cash
1082,7348,4/14/2024,9:04:50,2,Cash
1083,6936,1/11/2024,15:11:12,10,Cash
1084,9648,3/25/2024,20:15:48,6,Cash
1085,4440,6/24/2024,20:26:49,8,Cash
1086,5575,8/7/2024,15:00:57,5,Cash
1087,6570,9/10/2024,9:05:02,7,Card
1088,8900,10/13/2024,17:02:10,4,Transfer
1089,4634,8/7/2024,9:04:54,4,Cash
1090,1667,11/29/2024,17:06:54,3,Transfer
1091,9430,3/2/2024,12:46:29,3,Card
1092,9885,5/3/2024,12:59:54,8,Card
1093,5088,10/5/2024,15:41:25,10,Cash
1094,3865,4/28/2024,14:43:08,1,Card
1095,8455,9/8/2024,10:12:44,8,Transfer
1096,9086,1/23/2024,13:13:22,10,Cash
1097,6834,5/12/2024,12:22:51,7,Cash
1098,8376,1/30/2024,11:51:31,6,Cash
1099,3769,3/14/2024,16:22:46,9,Transfer
1100,9510,1/25/2024,10:33:21,5,Transfer
1101,8910,1/19/2024,12:20:45,10,Card
1102,5645,8/5/2024,20:23:33,1,Card
1103,1733,9/17/2024,17:55:39,9,Card
1104,2536,2/4/2024,12:21:34,9,Cash
1105,3314,11/23/2024,18:08:58,9,Transfer
1106,3724,6/7/2024,19:42:21,9,Card
1107,3011,9/7/2024,13:33:53,2,Transfer
1108,8151,11/25/2024,16:27:29,1,Transfer
1109,6615,1/6/2024,17:46:28,3,Card
1110,2185,2/2/2024,16:39:04,3,Cash
1111,3577,4/19/2024,16:35:54,5,Transfer
1112,3103,5/28/2024,17:25:52,7,Card
1113,8733,2/12/2024,9:51:32,4,Transfer
1114,7769,9/30/2024,14:29:09,4,Card
1115,4349,8/20/2024,10:54:14,2,Transfer
1116,6479,9/19/2024,14:34:01,1,Transfer
1117,7887,12/26/2024,20:13:18,6,Card
1118,3357,11/19/2024,9:57:16,5,Cash
1119,6214,1/16/2024,15:16:00,4,Cash
1120,8348,2/3/2024,15:30:53,4,Transfer
1121,6542,11/2/2024,16:27:18,5,Card
1122,9460,7/12/2024,17:21:00,8,Transfer
1123,7023,7/21/2024,18:09:53,3,Transfer
1124,5227,12/2/2024,19:16:54,6,Transfer
1125,9527,12/2/2024,11:35:45,5,Transfer
1126,8400,7/12/2024,13:09:12,4,Card
1127,5797,2/13/2024,11:48:55,8,Cash
1128,4138,9/14/2024,13:23:13,2,Transfer
1129,4256,8/8/2024,20:03:32,2,Transfer
1130,3351,1/31/2024,12:45:38,2,Card
1131,2059,3/19/2024,14:16:43,5,Card
1132,6277,8/31/2024,16:16:21,10,Card
1133,6388,4/23/2024,12:22:16,7,Card
1134,7913,2/19/2024,12:24:36,6,Card
1135,5990,7/11/2024,12:54:24,9,Cash
1136,4929,5/9/2024,17:12:18,5,Cash
1137,7773,6/25/2024,12:10:57,9,Card
1138,9880,1/12/2024,19:16:56,2,Card
1139,9379,10/9/2024,11:07:37,2,Cash
1140,1295,10/31/2024,10:51:08,4,Card
1141,3564,10/8/2024,10:27:44,8,Card
1142,8850,8/16/2024,8:43:21,2,Cash
1143,4272,2/27/2024,19:14:13,9,Card
1144,4948,12/25/2024,20:55:31,3,Card
1145,4361,5/19/2024,11:10:28,8,Card
1146,2403,8/9/2024,10:53:22,5,Cash
1147,4376,7/27/2024,10:17:07,9,Transfer
1148,4188,10/19/2024,12:23:27,7,Card
1149,9719,5/23/2024,9:08:22,8,Card
1150,7355,1/26/2024,16:27:02,9,Cash
1151,3828,11/3/2024,15:17:27,9,Cash
1152,5560,7/20/2024,13:35:08,7,Card
1153,7864,6/19/2024,14:38:19,7,Cash
1154,8069,3/14/2024,12:29:40,10,Cash
1155,2048,7/11/2024,8:39:24,10,Card
1156,9221,11/5/2024,20:40:02,8,Cash
1157,3943,10/23/2024,20:40:14,4,Cash
1158,2235,11/10/2024,8:07:44,1,Transfer
1159,8190,4/18/2024,18:28:32,6,Cash
1160,4812,4/9/2024,18:39:30,9,Transfer
1161,3444,4/20/2024,14:16:26,1,Card
1162,8785,4/22/2024,18:29:20,3,Card
1163,1307,7/13/2024,12:29:04,5,Card
1164,5780,1/18/2024,11:13:54,8,Cash
1165,8480,5/21/2024,8:22:07,5,Card
1166,4427,11/30/2024,17:00:56,9,Cash
1167,4875,7/12/2024,8:15:21,10,Cash
1168,7114,7/21/2024,8:34:04,3,Cash
1169,6814,10/29/2024,11:31:11,4,Transfer
1170,5725,1/13/2024,20:09:33,7,Transfer
1171,2686,5/6/2024,8:39:41,1,Transfer
1172,3878,8/9/2024,9:44:33,8,Transfer
1173,2112,5/31/2024,12:45:02,4,Cash
1174,4139,2/24/2024,11:25:27,7,Cash
1175,6116,4/10/2024,17:33:56,7,Cash
1176,7127,7/13/2024,9:14:28,6,Transfer
1177,8283,1/1/2024,13:09:49,7,Cash
1178,4418,10/15/2024,11:52:55,1,Transfer
1179,2663,3/28/2024,14:48:57,3,Card
1180,4919,4/10/2024,14:13:00,4,Cash
1181,7049,3/19/2024,12:37:48,2,Card
1182,6949,11/18/2024,18:14:32,3,Cash
1183,2987,8/4/2024,16:28:18,6,Card
1184,8484,12/10/2024,17:59:54,6,Card
1185,4305,10/5/2024,14:22:25,4,Cash
1186,9792,4/9/2024,14:07:08,2,Card
1187,9335,9/16/2024,17:32:19,9,Card
1188,8980,1/28/2024,8:53:56,8,Transfer
1189,2201,10/14/2024,11:09:16,8,Cash
1190,2634,5/29/2024,9:14:44,7,Transfer
1191,8419,4/14/2024,10:44:15,8,Card
1192,4944,2/29/2024,18:29:56,3,Card
1193,3433,5/3/2024,15:45:18,2,Card
1194,6978,3/9/2024,19:32:47,9,Transfer
1195,6686,11/2/2024,19:09:56,8,Cash
1196,2460,3/7/2024,14:33:41,10,Card
1197,5612,10/29/2024,17:38:25,2,Cash
1198,7721,7/2/2024,8:38:55,6,Card
1199,2381,4/28/2024,16:09:41,5,Transfer
1200,6921,11/30/2024,17:14:21,9,Cash
1201,5123,2/29/2024,10:00:47,4,Cash
1202,6172,2/16/2024,17:28:31,6,Card
1203,9201,4/5/2024,14:13:39,3,Card
1204,7203,5/15/2024,13:44:05,10,Card
1205,2771,10/28/2024,11:47:36,9,Transfer
1206,9022,2/15/2024,18:11:18,10,Cash
1207,4274,8/1/2024,10:42:30,9,Transfer
1208,9340,5/11/2024,12:42:06,8,Cash
1209,1069,11/4/2024,19:49:36,3,Cash
1210,9386,5/20/2024,19:19:21,1,Card
1211,3524,12/18/2024,9:53:55,8,Cash
1212,8626,8/19/2024,19:58:05,1,Transfer
1213,9619,5/2/2024,10:45:18,7,Card
1214,6028,7/8/2024,19:36:19,8,Cash
1215,7324,12/29/2024,12:50:41,1,Cash
1216,1424,12/12/2024,10:43:35,5,Cash
1217,3665,3/16/2024,16:07:09,8,Cash
1218,4987,2/27/2024,15:47:35,7,Transfer
1219,5016,12/18/2024,13:08:14,4,Transfer
1220,3777,5/7/2024,9:05:05,6,Transfer
1221,1402,7/1/2024,14:02:13,9,Transfer
1222,2533,8/4/2024,10:26:37,4,Card
1223,8548,6/9/2024,11:03:51,4,Card
1224,5137,8/24/2024,11:08:55,8,Cash
1225,5601,7/19/2024,13:50:26,5,Transfer
1226,4836,5/17/2024,9:42:09,10,Card
1227,1377,10/10/2024,9:11:58,1,Card
1228,7779,1/13/2024,10:56:54,5,Transfer
1229,5907,6/15/2024,12:55:56,10,Transfer
1230,4390,8/3/2024,15:38:52,8,Card
1231,3787,2/14/2024,13:19:35,1,Cash
1232,6298,1/14/2024,12:36:28,1,Card
1233,9306,4/18/2024,20:15:08,6,Transfer
1234,4010,7/5/2024,8:05:49,9,Transfer
1235,8674,2/2/2024,18:53:13,8,Cash
1236,6018,11/27/2024,8:23:04,2,Transfer
1237,4224,2/7/2024,18:34:29,3,Card
1238,4490,3/9/2024,19:14:22,5,Cash
1239,8356,6/27/2024,17:48:47,1,Transfer
1240,7595,5/18/2024,17:57:06,1,Transfer
1241,5976,2/9/2024,12:14:49,7,Transfer
1242,8238,7/2/2024,17:11:22,9,Transfer
1243,4398,3/31/2024,14:43:53,3,Cash
1244,9561,7/17/2024,8:21:34,5,Card
1245,3847,12/10/2024,12:09:37,2,Transfer
1246,3677,10/20/2024,15:30:44,2,Cash
1247,1249,7/18/2024,18:34:48,1,Card
1248,6112,5/5/2024,17:41:09,9,Card
1249,1793,7/30/2024,14:24:17,6,Transfer
1250,3343,11/23/2024,12:13:46,10,Card
1251,2541,9/23/2024,14:54:45,6,Card
1252,5785,7/29/2024,11:54:22,6,Cash
1253,4424,3/13/2024,8:04:14,2,Cash
1254,6359,1/25/2024,15:58:45,10,Transfer
1255,3308,9/6/2024,17:02:20,8,Card
1256,5810,8/15/2024,9:00:26,9,Cash
1257,4250,7/10/2024,18:43:56,10,Cash
1258,9431,10/13/2024,12:32:37,8,Transfer
1259,3323,2/12/2024,20:47:43,8,Card
1260,4941,1/1/2024,13:38:49,9,Card
1261,5920,9/12/2024,15:38:58,8,Transfer
1262,9442,6/17/2024,16:08:53,2,Transfer
1263,9749,8/24/2024,11:20:57,10,Card
1264,8812,3/31/2024,14:47:58,5,Cash
1265,6307,6/23/2024,11:34:44,6,Transfer
1266,6158,12/12/2024,12:01:11,7,Cash
1267,2700,7/22/2024,8:13:18,2,Transfer
1268,2887,5/17/2024,14:50:45,2,Cash
1269,6289,8/26/2024,19:40:58,7,Cash
1270,2300,4/2/2024,14:35:24,1,Card
1271,8841,7/4/2024,19:21:14,1,Cash
1272,4525,10/30/2024,16:34:18,2,Transfer
1273,2287,8/14/2024,15:06:52,7,Card
1274,7094,2/8/2024,16:02:52,5,Card
1275,3635,8/18/2024,8:21:44,8,Card
1276,9458,9/2/2024,10:04:33,1,Cash
1277,6329,2/28/2024,16:33:53,10,Card
1278,6832,7/23/2024,16:55:44,4,Transfer
1279,6995,3/25/2024,19:23:02,4,Transfer
1280,2425,1/29/2024,16:21:49,6,Cash
1281,7509,6/17/2024,11:25:38,1,Transfer
1282,7096,6/8/2024,16:38:47,5,Cash
1283,3742,2/29/2024,17:29:10,8,Card
1284,2646,6/4/2024,12:10:53,4,Transfer
1285,9434,11/13/2024,16:24:02,9,Card
1286,1892,3/26/2024,10:30:28,9,Transfer
1287,7266,9/1/2024,20:18:08,10,Transfer
1288,3329,10/14/2024,10:06:43,9,Card
1289,7083,1/4/2024,19:06:14,8,Transfer
1290,7905,9/24/2024,12:02:07,9,Cash
1291,4403,11/5/2024,14:20:18,3,Transfer
1292,2179,11/13/2024,14:01:57,7,Card
1293,2237,1/9/2024,20:51:38,3,Cash
1294,5166,1/26/2024,10:58:19,10,Cash
1295,7046,2/17/2024,18:12:26,9,Card
1296,8288,9/23/2024,12:00:08,2,Transfer
1297,2452,5/8/2024,12:29:09,1,Card
1298,9864,3/2/2024,15:13:00,2,Card
1299,9751,4/17/2024,9:15:00,2,Cash
1300,9436,8/8/2024,11:02:24,8,Card
1301,3416,3/17/2024,17:41:07,9,Cash
1302,8776,10/13/2024,10:50:32,5,Transfer
1303,7089,8/22/2024,8:33:28,1,Card
1304,7927,2/2/2024,13:16:47,9,Transfer
1305,4600,3/4/2024,12:40:45,4,Transfer
1306,1967,3/10/2024,10:35:29,2,Card
1307,5697,5/15/2024,19:50:00,5,Card
1308,4111,9/8/2024,10:19:34,7,Transfer
1309,4352,6/17/2024,10:09:07,3,Transfer
1310,3873,10/27/2024,8:22:39,3,Card
1311,3728,4/3/2024,20:01:16,3,Transfer
1312,4031,11/21/2024,9:17:24,9,Transfer
1313,5655,10/11/2024,19:31:49,3,Transfer
1314,6386,6/12/2024,14:22:20,9,Cash
1315,7869,1/17/2024,20:00:28,10,Cash
1316,2928,11/20/2024,18:52:51,3,Card
1317,3169,6/2/2024,13:17:29,10,Card
1318,4710,9/20/2024,15:31:56,2,Transfer
1319,8672,8/8/2024,9:27:11,2,Cash
1320,6930,9/19/2024,14:56:19,5,Transfer
1321,7639,4/19/2024,12:32:31,8,Card
1322,4902,1/5/2024,8:02:20,4,Card
1323,9360,12/27/2024,11:51:53,6,Cash
1324,2366,11/29/2024,14:01:53,5,Transfer
1325,5432,10/24/2024,13:46:22,10,Cash
1326,9200,11/25/2024,16:36:39,3,Cash
1327,7698,2/16/2024,16:25:04,7,Transfer
1328,4134,7/10/2024,9:22:51,5,Cash
1329,5759,8/18/2024,15:02:58,9,Card
1330,5801,5/9/2024,18:48:54,5,Transfer
1331,5032,12/5/2024,15:38:36,7,Card
1332,5781,6/2/2024,14:39:26,4,Transfer
1333,9674,1/29/2024,17:02:31,1,Card
1334,9572,4/25/2024,19:48:54,8,Transfer
1335,3770,10/5/2024,12:26:00,6,Cash
1336,1284,1/18/2024,9:04:16,3,Card
1337,9316,2/16/2024,17:07:50,7,Cash
1338,2958,7/16/2024,9:57:06,3,Transfer
1339,5800,3/2/2024,14:39:54,8,Cash
1340,9743,3/13/2024,16:21:12,4,Transfer
1341,8434,5/31/2024,9:39:22,3,Transfer
1342,6130,2/28/2024,16:24:07,2,Transfer
1343,1610,9/20/2024,15:29:58,4,Cash
1344,7752,12/3/2024,10:51:49,2,Card
1345,6362,12/28/2024,11:58:48,3,Cash
1346,5595,2/8/2024,9:57:49,7,Card
1347,4483,9/1/2024,11:32:21,8,Cash
1348,1306,5/26/2024,11:40:45,9,Card
1349,6095,11/4/2024,19:27:09,2,Transfer
1350,8891,3/19/2024,9:04:56,2,Card
1351,4523,2/9/2024,20:27:42,6,Transfer
1352,1413,5/3/2024,19:13:59,6,Transfer
1353,2389,2/9/2024,14:24:58,7,Transfer
1354,3944,5/14/2024,13:38:32,3,Transfer
1355,8976,9/18/2024,8:42:35,7,Cash
1356,4301,5/20/2024,8:05:18,10,Card
1357,1885,1/3/2024,11:16:24,3,Cash
1358,9039,8/22/2024,11:43:48,6,Card
1359,8112,12/12/2024,16:30:57,3,Card
1360,8051,1/2/2024,9:12:44,4,Card
1361,3882,2/6/2024,20:58:32,1,Card
1362,4344,10/7/2024,16:13:45,4,Transfer
1363,3195,5/23/2024,13:22:09,4,Card
1364,6011,9/27/2024,17:11:15,5,Cash
1365,4136,7/11/2024,15:13:50,2,Card
1366,6121,3/14/2024,18:30:00,1,Transfer
1367,2407,11/28/2024,11:28:50,4,Cash
1368,7968,11/20/2024,15:03:33,10,Card
1369,9114,12/24/2024,12:24:44,9,Card
1370,1727,4/13/2024,12:53:10,8,Transfer
1371,2698,5/25/2024,16:46:48,2,Card
1372,7307,11/29/2024,11:27:54,3,Card
1373,8034,2/20/2024,9:17:33,9,Cash
1374,3601,8/21/2024,12:39:49,6,Card
1375,1349,3/13/2024,20:21:28,1,Cash
1376,6799,2/6/2024,9:16:03,3,Transfer
1377,1171,12/12/2024,9:21:38,2,Transfer
1378,3605,1/27/2024,19:10:00,4,Cash
1379,9089,3/12/2024,15:28:19,8,Cash
1380,8173,2/2/2024,12:59:07,1,Cash
1381,5434,9/8/2024,17:28:52,5,Cash
1382,4309,12/15/2024,16:58:29,2,Cash
1383,3851,8/13/2024,19:39:28,7,Transfer
1384,8443,8/1/2024,9:11:17,2,Transfer
1385,6721,10/11/2024,15:47:37,10,Card
1386,9659,12/30/2024,18:03:44,2,Transfer
1387,1751,7/22/2024,16:51:01,10,Cash
1388,6190,2/19/2024,12:14:16,10,Card
1389,1113,8/4/2024,19:35:46,3,Card
1390,5008,4/3/2024,16:53:02,7,Transfer
1391,2295,9/9/2024,16:21:29,5,Card
1392,9889,5/20/2024,12:56:14,5,Cash
1393,7651,8/26/2024,10:49:00,8,Card
1394,9842,9/22/2024,20:14:58,6,Transfer
1395,8061,11/22/2024,13:23:21,2,Card
1396,2995,8/30/2024,12:32:58,10,Transfer
1397,2049,5/30/2024,16:27:06,5,Card
1398,9715,3/29/2024,16:22:02,3,Transfer
1399,5394,5/16/2024,20:42:31,9,Transfer
1400,1594,8/11/2024,19:22:44,8,Transfer
1401,4486,2/18/2024,9:43:07,6,Transfer
1402,3596,5/10/2024,11:10:20,10,Cash
1403,4089,9/5/2024,9:32:30,1,Card
1404,4593,6/23/2024,19:16:50,8,Card
1405,9546,11/8/2024,18:49:47,6,Card
1406,3718,8/2/2024,20:14:21,3,Card
1407,8335,7/27/2024,15:09:44,2,Card
1408,8262,10/18/2024,14:49:13,9,Cash
1409,7444,11/6/2024,8:02:44,9,Cash
1410,4063,3/15/2024,10:48:40,8,Cash
1411,1882,5/5/2024,12:46:21,8,Transfer
1412,2994,10/19/2024,19:30:56,4,Cash
1413,8006,11/18/2024,12:14:57,6,Transfer
1414,1268,4/3/2024,13:13:29,6,Card
1415,1408,3/26/2024,8:38:29,4,Cash
1416,8511,3/2/2024,19:36:14,8,Transfer
1417,3161,2/23/2024,8:47:28,7,Cash
1418,1422,4/18/2024,9:50:34,8,Cash
1419,1346,1/16/2024,15:45:34,6,Cash
1420,1956,5/7/2024,20:25:47,9,Card
1421,1124,11/2/2024,20:04:10,8,Transfer
1422,9683,9/21/2024,9:41:13,10,Card
1423,2079,2/1/2024,10:15:23,8,Transfer
1424,2149,4/14/2024,9:06:02,5,Transfer
1425,2943,4/1/2024,11:01:36,8,Card
1426,6833,3/22/2024,13:36:11,6,Card
1427,8097,7/6/2024,14:45:50,8,Cash
1428,5510,5/8/2024,17:33:31,4,Transfer
1429,5427,11/14/2024,8:27:42,2,Cash
1430,9753,4/23/2024,9:04:18,10,Card
1431,2786,11/24/2024,9:52:58,8,Card
1432,7741,11/5/2024,17:48:13,5,Cash
1433,6897,9/24/2024,12:13:09,5,Cash
1434,9047,2/17/2024,10:05:42,9,Cash
1435,4038,3/15/2024,16:44:28,3,Transfer
1436,2828,10/4/2024,19:43:40,7,Transfer
1437,4828,6/17/2024,14:58:30,3,Card
1438,9413,1/27/2024,12:23:15,2,Cash
1439,3604,12/9/2024,18:26:37,7,Card
1440,3019,12/23/2024,19:54:54,2,Card
1441,3785,11/8/2024,9:47:35,2,Cash
1442,4421,7/24/2024,12:48:05,9,Cash
1443,6767,6/14/2024,8:03:18,5,Card
1444,6015,11/20/2024,15:18:31,6,Cash
1445,8353,10/31/2024,10:10:30,9,Cash
1446,3204,11/17/2024,9:27:00,10,Cash
1447,9189,1/19/2024,17:57:41,6,Transfer
1448,3300,10/2/2024,13:44:23,10,Cash
1449,6569,4/5/2024,15:16:30,8,Transfer
1450,1234,7/14/2024,15:41:01,5,Card
1451,7214,4/9/2024,17:49:07,10,Card
1452,4598,8/31/2024,15:29:16,1,Card
1453,6171,5/16/2024,15:36:35,9,Cash
1454,1928,12/23/2024,15:46:11,1,Transfer
1455,8084,5/10/2024,8:51:20,8,Card
1456,6831,10/4/2024,13:35:01,10,Cash
1457,7204,3/6/2024,11:28:17,9,Cash
1458,7871,12/1/2024,17:07:31,5,Cash
1459,1912,3/4/2024,10:02:40,6,Transfer
1460,3117,4/11/2024,13:04:08,6,Card
1461,7271,6/22/2024,16:30:02,2,Card
1462,7370,9/17/2024,11:47:10,4,Transfer
1463,1631,11/15/2024,8:04:33,7,Transfer
1464,3031,2/4/2024,9:50:52,2,Card
1465,8564,5/21/2024,10:54:21,1,Card
1466,4225,12/9/2024,18:08:15,5,Card
1467,1266,6/1/2024,10:41:44,6,Transfer
1468,2211,3/6/2024,19:25:00,1,Cash
1469,9000,11/3/2024,9:41:20,9,Cash
1470,5835,1/30/2024,10:30:37,4,Transfer
1471,9493,12/25/2024,15:46:34,8,Card
1472,4617,8/27/2024,11:23:42,3,Card
1473,6521,1/20/2024,12:28:20,3,Transfer
1474,8791,11/29/2024,11:11:35,2,Cash
1475,8928,7/12/2024,10:33:04,7,Cash
1476,3858,8/22/2024,16:34:32,10,Transfer
1477,5035,3/8/2024,14:24:16,6,Card
1478,5709,10/29/2024,13:18:04,3,Card
1479,4951,6/6/2024,14:03:56,3,Card
1480,6875,12/6/2024,16:09:38,3,Transfer
1481,3492,12/9/2024,15:53:22,9,Cash
1482,9903,7/31/2024,20:14:34,10,Card
1483,1872,6/7/2024,15:19:11,5,Card
1484,9647,8/11/2024,11:49:28,9,Transfer
1485,7163,3/7/2024,19:49:08,3,Transfer
1486,5973,9/14/2024,10:14:22,10,Card
1487,3527,11/1/2024,19:56:44,3,Cash
1488,1862,8/14/2024,16:06:20,9,Card
1489,1414,7/23/2024,17:22:25,6,Card
1490,4177,4/2/2024,17:26:44,9,Cash
1491,7867,4/22/2024,12:17:26,2,Card
1492,6349,6/8/2024,18:41:53,5,Card
1493,1125,11/22/2024,10:37:28,3,Transfer
1494,9440,4/21/2024,15:24:07,9,Card
1495,8902,6/9/2024,8:29:40,9,Card
1496,4552,12/17/2024,15:27:59,10,Card
1497,4410,7/20/2024,15:41:14,6,Cash
1498,3025,8/19/2024,9:13:21,1,Cash
1499,7331,9/26/2024,17:41:52,7,Cash
1500,8949,1/4/2024,8:06:37,8,Cash
1501,2584,11/18/2024,16:50:38,4,Transfer
1502,6424,12/4/2024,10:57:39,6,Transfer
1503,3864,7/16/2024,9:59:59,4,Card
1504,5901,6/3/2024,18:54:18,7,Transfer
1505,8297,6/24/2024,12:07:52,2,Cash
1506,5106,1/13/2024,18:08:48,2,Card
1507,7232,9/18/2024,20:06:32,5,Card
1508,9217,12/9/2024,13:26:35,3,Transfer
1509,9289,1/22/2024,8:08:51,6,Transfer
1510,8442,11/28/2024,9:31:39,1,Cash
1511,5670,5/18/2024,14:26:27,4,Cash
1512,4803,9/12/2024,18:55:25,2,Transfer
1513,5279,7/28/2024,13:21:54,6,Cash
1514,7695,8/18/2024,14:35:24,1,Cash
1515,3994,6/7/2024,12:41:06,8,Transfer
1516,8747,10/7/2024,16:47:26,10,Transfer
1517,1742,1/28/2024,9:10:44,2,Card
1518,5750,2/15/2024,13:09:05,9,Card
1519,9575,6/22/2024,12:20:12,9,Transfer
1520,2768,11/9/2024,11:33:33,8,Card
1521,4451,2/15/2024,8:11:31,4,Cash
1522,6460,6/17/2024,15:59:30,4,Card
1523,5802,4/11/2024,13:26:04,7,Transfer
1524,4748,2/15/2024,14:50:15,5,Transfer
1525,8343,10/26/2024,13:05:10,10,Transfer
1526,6065,5/22/2024,15:11:26,1,Cash
1527,9891,5/2/2024,10:42:39,8,Card
1528,9271,8/31/2024,14:27:02,10,Transfer
1529,4126,4/8/2024,19:05:16,10,Card
1530,2623,3/8/2024,16:13:46,5,Card
1531,3820,2/20/2024,17:46:10,1,Card
1532,9027,4/29/2024,9:36:49,3,Transfer
1533,4285,1/5/2024,18:29:49,3,Card
1534,3418,9/10/2024,13:40:34,1,Cash
1535,5055,3/12/2024,9:25:00,2,Cash
1536,4705,3/7/2024,13:28:08,10,Cash
1537,5594,3/2/2024,19:39:39,6,Cash
1538,3972,9/17/2024,14:43:28,9,Card
1539,6859,2/4/2024,13:26:27,10,Cash
1540,3859,5/25/2024,12:31:38,9,Cash
1541,1689,1/5/2024,11:56:43,4,Cash
1542,5331,10/31/2024,12:03:02,3,Card
1543,8931,2/8/2024,16:17:58,4,Card
1544,6996,9/5/2024,8:33:07,6,Card
1545,8431,7/16/2024,18:53:00,8,Cash
1546,4346,3/22/2024,18:28:10,9,Card
1547,5639,2/22/2024,17:54:24,10,Cash
1548,7248,12/10/2024,19:42:08,3,Transfer
1549,3503,4/18/2024,18:16:25,2,Transfer
1550,3846,11/13/2024,11:49:27,2,Cash
1551,8625,11/12/2024,8:14:04,7,Cash
1552,6983,8/14/2024,13:28:50,3,Card
1553,3799,3/20/2024,13:24:46,5,Cash
1554,6596,10/4/2024,15:01:28,10,Card
1555,9280,8/30/2024,17:39:50,2,Card
1556,2906,3/27/2024,10:56:31,7,Transfer
1557,7637,12/26/2024,17:01:38,4,Card
1558,2175,7/8/2024,17:43:31,9,Cash
1559,1915,2/29/2024,10:16:46,8,Transfer
1560,2281,11/3/2024,11:58:50,8,Card
1561,1899,7/26/2024,10:33:57,5,Card
1562,4174,2/2/2024,18:35:43,1,Card
1563,3658,1/24/2024,16:26:05,8,Transfer
1564,9127,3/2/2024,8:36:33,3,Card
1565,9156,11/15/2024,17:01:51,5,Transfer
1566,5617,1/8/2024,11:19:56,8,Transfer
1567,6645,1/14/2024,16:00:21,9,Card
1568,4900,3/15/2024,16:36:27,5,Cash
1569,2430,8/13/2024,9:00:46,2,Transfer
1570,1936,9/6/2024,13:05:07,9,Cash
1571,2373,5/25/2024,15:41:33,5,Cash
1572,8991,8/9/2024,19:24:41,10,Transfer
1573,4008,3/31/2024,8:32:13,5,Card
1574,4817,1/26/2024,8:22:54,8,Card
1575,3608,5/11/2024,11:06:55,4,Cash
1576,6813,5/18/2024,8:01:29,10,Transfer
1577,3378,1/13/2024,9:36:50,8,Cash
1578,9711,9/2/2024,17:41:02,3,Card
1579,8992,4/24/2024,14:23:12,7,Cash
1580,7293,8/18/2024,9:48:47,6,Transfer
1581,7679,6/24/2024,13:15:58,8,Cash
1582,3839,2/28/2024,11:02:49,5,Cash
1583,3743,5/14/2024,19:07:15,2,Cash
1584,2988,1/7/2024,14:53:12,2,Transfer
1585,6064,7/28/2024,20:01:08,1,Transfer
1586,3430,12/20/2024,15:37:31,5,Card
1587,9111,11/11/2024,14:46:58,9,Transfer
1588,5236,12/19/2024,14:37:38,10,Transfer
1589,3488,10/3/2024,16:02:12,6,Transfer
1590,4214,4/21/2024,19:05:41,9,Transfer
1591,8815,12/25/2024,17:41:48,1,Transfer
1592,3738,5/25/2024,19:29:26,9,Card
1593,1423,7/12/2024,18:59:07,1,Card
1594,4601,6/5/2024,10:36:56,8,Cash
1595,2954,5/22/2024,9:16:17,9,Card
1596,3621,3/21/2024,14:39:43,3,Card
1597,3079,5/10/2024,14:20:34,2,Cash
1598,9175,3/11/2024,15:00:02,2,Transfer
1599,8319,2/12/2024,15:23:23,4,Card
1600,1217,11/1/2024,16:03:44,3,Transfer
1601,2652,3/7/2024,9:51:56,10,Transfer
1602,8257,1/30/2024,13:34:16,10,Cash
1603,1712,3/25/2024,13:54:28,1,Card
1604,2404,7/28/2024,13:21:46,6,Transfer
1605,4144,10/1/2024,14:51:34,10,Cash
1606,6396,8/28/2024,14:46:41,10,Card
1607,8781,4/29/2024,18:19:14,6,Cash
1608,9848,3/25/2024,9:29:50,3,Card
1609,2321,7/10/2024,16:48:38,1,Card
1610,5866,6/28/2024,17:47:28,7,Card
1611,3778,3/1/2024,18:21:15,2,Card
1612,3685,7/9/2024,19:30:52,9,Transfer
1613,9952,6/18/2024,10:15:23,6,Card
1614,7811,12/28/2024,18:13:29,8,Cash
1615,9321,1/19/2024,8:37:50,10,Card
1616,6231,1/17/2024,18:45:00,7,Transfer
1617,6880,4/23/2024,11:41:20,5,Card
1618,6291,4/21/2024,19:47:37,2,Transfer
1619,1889,9/12/2024,10:38:18,6,Transfer
1620,6207,1/17/2024,19:32:07,6,Cash
1621,5273,11/17/2024,16:19:18,9,Card
1622,9309,11/15/2024,19:56:49,1,Cash
1623,7480,4/17/2024,15:16:14,5,Card
1624,1022,11/9/2024,13:05:39,5,Cash
1625,2563,6/12/2024,10:21:53,8,Transfer
1626,6602,11/3/2024,12:23:00,6,Transfer
1627,9984,6/21/2024,13:36:49,1,Transfer
1628,5822,3/17/2024,18:23:43,5,Cash
1629,9586,3/8/2024,19:39:44,4,Transfer
1630,9443,6/16/2024,16:59:05,4,Card
1631,4793,10/14/2024,15:01:46,7,Cash
1632,2177,11/3/2024,15:47:47,5,Transfer
1633,2703,4/7/2024,18:21:42,7,Card
1634,3779,4/19/2024,12:34:12,10,Card
1635,8804,2/17/2024,12:27:32,2,Card
1636,9020,11/13/2024,14:08:08,10,Cash
1637,1105,6/3/2024,17:55:44,5,Card
1638,2500,2/4/2024,16:38:55,4,Card
1639,8482,1/5/2024,20:11:01,8,Transfer
1640,9813,9/19/2024,19:11:51,8,Transfer
1641,7591,10/30/2024,16:59:16,1,Card
1642,5197,5/23/2024,10:28:03,1,Card
1643,1404,2/21/2024,16:10:17,5,Transfer
1644,2938,3/11/2024,11:10:28,1,Card
1645,5692,1/24/2024,15:48:36,1,Transfer
1646,8848,1/17/2024,8:49:31,8,Card
1647,9363,10/31/2024,17:23:40,6,Card
1648,6868,1/19/2024,10:58:31,3,Transfer
1649,5911,8/12/2024,15:50:58,4,Transfer
1650,9400,9/23/2024,19:24:27,1,Card
1651,4056,12/14/2024,14:06:06,6,Cash
1652,1810,8/12/2024,20:26:38,4,Transfer
1653,3818,9/6/2024,14:03:21,3,Transfer
1654,2147,2/8/2024,16:43:35,6,Card
1655,7934,5/16/2024,19:33:05,3,Transfer
1656,5677,1/18/2024,13:32:46,1,Cash
1657,6304,6/29/2024,19:23:51,2,Transfer
1658,5960,2/24/2024,20:58:47,9,Card
1659,8425,5/20/2024,13:58:36,2,Cash
1660,2343,1/22/2024,17:19:19,7,Cash
1661,4876,2/2/2024,19:43:00,2,Cash
1662,2655,11/15/2024,15:06:20,8,Card
1663,8350,9/18/2024,19:56:12,1,Cash
1664,6141,8/5/2024,16:56:02,1,Cash
1665,1443,6/10/2024,8:15:01,5,Transfer
1666,4485,1/10/2024,19:22:45,8,Cash
1667,8415,6/20/2024,11:29:01,7,Cash
1668,4258,11/12/2024,16:26:43,8,Card
1669,2140,2/10/2024,17:12:17,10,Card
1670,6375,1/14/2024,8:27:41,6,Transfer
1671,9405,7/26/2024,10:59:50,5,Cash
1672,2858,7/16/2024,17:34:35,9,Transfer
1673,4233,6/1/2024,14:39:07,2,Transfer
1674,1154,3/14/2024,9:53:47,2,Transfer
1675,6867,10/24/2024,10:21:07,5,Cash
1676,3993,2/21/2024,14:39:54,7,Transfer
1677,3158,9/18/2024,17:03:06,9,Transfer
1678,7892,4/26/2024,14:01:18,7,Transfer
1679,4455,11/7/2024,11:55:08,5,Transfer
1680,7635,11/21/2024,19:25:20,4,Transfer
1681,5574,9/23/2024,9:39:24,2,Card
1682,6787,1/12/2024,10:43:35,9,Cash
1683,6586,7/6/2024,14:33:17,4,Transfer
1684,3100,5/9/2024,15:41:47,9,Transfer
1685,2116,1/1/2024,18:41:32,10,Transfer
1686,3319,7/29/2024,13:36:05,9,Card
1687,3937,11/1/2024,8:38:07,3,Transfer
1688,9606,7/17/2024,11:20:58,1,Card
1689,9898,12/13/2024,15:41:48,4,Transfer
1690,5628,1/1/2024,8:34:10,1,Transfer
1691,6013,3/24/2024,20:42:47,7,Card
1692,2741,7/27/2024,11:40:47,5,Transfer
1693,3868,3/4/2024,18:09:59,10,Card
1694,4702,5/8/2024,20:01:12,7,Card
1695,7502,5/7/2024,14:19:32,4,Transfer
1696,2219,8/25/2024,10:25:18,8,Cash
1697,7583,3/19/2024,17:35:50,3,Cash
1698,8534,12/9/2024,13:51:35,1,Transfer
1699,1028,6/30/2024,9:23:38,8,Cash
1700,2625,1/14/2024,20:44:04,9,Transfer
1701,1086,7/30/2024,17:20:35,4,Card
1702,6566,12/28/2024,17:05:22,3,Transfer
1703,8330,3/5/2024,12:28:12,7,Card
1704,7115,1/30/2024,13:00:17,4,Card
1705,2573,2/5/2024,16:36:40,4,Transfer
1706,2718,10/15/2024,17:33:13,5,Transfer
1707,9500,8/5/2024,20:58:16,2,Cash
1708,6959,6/29/2024,19:55:24,7,Cash
1709,6987,8/4/2024,8:24:45,9,Cash
1710,3376,5/8/2024,18:51:33,1,Card
1711,9444,3/17/2024,20:10:48,3,Transfer
1712,8661,10/21/2024,11:54:45,10,Card
1713,3797,9/12/2024,10:38:21,4,Card
1714,5012,6/19/2024,10:18:23,10,Transfer
1715,2123,1/6/2024,19:59:40,5,Transfer
1716,7304,5/30/2024,19:45:36,1,Cash
1717,1208,10/1/2024,12:53:41,3,Card
1718,4540,10/12/2024,16:32:52,7,Card
1719,6740,9/23/2024,16:03:23,8,Transfer
1720,9193,3/20/2024,16:20:51,6,Transfer
1721,5625,7/22/2024,19:00:34,4,Transfer
1722,4498,10/27/2024,10:03:57,4,Cash
1723,7456,5/31/2024,9:25:47,9,Cash
1724,4808,5/12/2024,8:33:58,5,Card
1725,4915,10/21/2024,18:47:45,1,Transfer
1726,9069,12/16/2024,16:59:35,7,Transfer
1727,8228,10/20/2024,17:02:59,5,Cash
1728,2744,7/11/2024,20:58:30,3,Cash
1729,2069,3/11/2024,9:05:08,1,Card
1730,9770,6/26/2024,16:05:24,4,Cash
1731,4774,2/11/2024,19:11:54,8,Transfer
1732,2232,6/3/2024,15:30:07,3,Cash
1733,9981,3/1/2024,16:53:38,8,Cash
1734,6514,1/3/2024,14:10:19,7,Transfer
1735,3252,5/25/2024,16:35:48,7,Cash
1736,6228,12/10/2024,17:04:25,2,Cash
1737,5381,5/26/2024,12:49:56,1,Cash
1738,5286,9/27/2024,16:44:54,7,Transfer
1739,1734,2/28/2024,17:43:43,4,Transfer
1740,3164,3/25/2024,10:19:23,7,Cash
1741,8636,9/14/2024,17:40:24,1,Card
1742,8914,4/1/2024,13:54:11,3,Transfer
1743,7966,4/19/2024,19:10:46,3,Cash
1744,3015,2/28/2024,15:12:49,10,Card
1745,8258,7/1/2024,20:33:38,2,Transfer
1746,3965,11/19/2024,12:51:23,4,Transfer
1747,8646,6/11/2024,17:05:58,6,Transfer
1748,1905,12/4/2024,13:40:54,8,Card
1749,8304,4/4/2024,20:08:20,9,Cash
1750,6955,12/3/2024,11:51:31,9,Transfer
1751,2036,5/26/2024,19:30:13,6,Card
1752,1238,11/11/2024,12:54:08,10,Transfer
1753,5115,5/15/2024,20:14:34,1,Card
1754,7335,10/23/2024,15:37:02,9,Cash
1755,4351,4/30/2024,14:27:29,9,Card
1756,9779,2/11/2024,16:27:01,7,Cash
1757,9760,8/19/2024,12:22:46,9,Transfer
1758,6636,6/13/2024,11:21:20,5,Card
1759,2173,5/16/2024,12:49:48,5,Card
1760,2168,8/1/2024,17:33:22,5,Transfer
1761,4338,7/18/2024,16:44:43,9,Cash
1762,4946,1/29/2024,17:43:31,5,Card
1763,6692,1/31/2024,16:17:00,5,Cash
1764,3973,4/17/2024,14:49:30,5,Transfer
1765,3927,10/14/2024,9:01:24,10,Card
1766,4725,12/1/2024,16:26:21,3,Cash
1767,3450,3/28/2024,17:03:22,2,Cash
1768,7916,4/25/2024,14:41:20,1,Card
1769,7745,10/14/2024,19:03:04,5,Card
1770,8888,2/23/2024,11:19:37,8,Cash
1771,9539,8/21/2024,16:06:52,4,Card
1772,5974,12/1/2024,20:46:49,2,Cash
1773,6665,1/15/2024,14:16:47,3,Card
1774,9122,2/9/2024,17:00:02,1,Transfer
1775,3029,8/23/2024,12:19:06,8,Card
1776,9999,4/7/2024,9:16:28,10,Transfer
1777,9423,12/7/2024,14:14:17,7,Cash
1778,9816,5/11/2024,9:25:24,5,Cash
1779,4798,2/16/2024,8:54:04,8,Cash
1780,9044,10/27/2024,9:43:12,8,Transfer
1781,3706,3/31/2024,19:15:14,1,Card
1782,8493,5/18/2024,17:06:23,7,Transfer
1783,5971,12/17/2024,8:47:16,2,Transfer
1784,2207,4/25/2024,16:25:28,3,Card
1785,5784,9/20/2024,17:45:19,5,Transfer
1786,8108,8/8/2024,19:48:15,3,Transfer
1787,8712,4/16/2024,12:46:18,1,Card
1788,9840,1/27/2024,13:52:38,6,Cash
1789,4476,1/19/2024,17:02:40,8,Cash
1790,2905,10/9/2024,15:19:22,6,Transfer
1791,7080,8/15/2024,13:06:27,4,Card
1792,7891,2/2/2024,10:45:02,2,Cash
1793,1527,7/2/2024,8:44:23,3,Cash
1794,8860,2/10/2024,9:52:36,6,Card
1795,8695,3/17/2024,17:25:22,6,Transfer
1796,9420,1/22/2024,19:45:41,7,Cash
1797,2143,6/9/2024,17:18:29,9,Transfer
1798,1079,8/14/2024,19:48:45,2,Card
1799,9129,7/11/2024,8:20:24,10,Card
1800,1650,7/25/2024,16:32:30,6,Card
1801,4681,9/28/2024,19:19:21,2,Transfer
1802,6427,2/17/2024,16:05:05,7,Cash
1803,6684,7/5/2024,17:21:14,3,Cash
1804,8318,2/24/2024,20:30:32,10,Transfer
1805,6352,8/25/2024,8:15:35,6,Card
1806,5672,9/11/2024,16:45:05,1,Cash
1807,1008,5/4/2024,10:33:40,1,Cash
1808,3095,12/8/2024,15:29:34,1,Card
1809,5979,9/9/2024,14:28:14,8,Transfer
1810,2105,10/24/2024,19:53:12,6,Card
1811,2304,8/9/2024,20:51:58,9,Transfer
1812,6367,11/22/2024,19:52:35,2,Transfer
1813,1817,3/24/2024,13:48:29,9,Cash
1814,9655,11/16/2024,13:22:50,8,Card
1815,6611,2/17/2024,19:18:50,6,Card
1816,2827,12/4/2024,17:29:51,3,Transfer
1817,9382,1/2/2024,14:33:55,2,Transfer
1818,3721,3/9/2024,18:48:41,9,Cash
1819,1399,2/28/2024,13:03:07,8,Transfer
1820,5050,10/24/2024,17:11:13,10,Card
1821,9240,6/4/2024,10:48:52,2,Card
1822,7770,12/5/2024,18:27:40,2,Cash
1823,4041,10/7/2024,18:47:57,4,Card
1824,9066,4/18/2024,11:07:57,9,Transfer
1825,2835,1/21/2024,19:13:21,1,Card
1826,9404,8/22/2024,12:41:05,9,Transfer
1827,7010,5/4/2024,17:43:39,8,Cash
1828,7067,9/7/2024,17:04:35,9,Transfer
1829,5474,12/20/2024,18:34:55,10,Cash
1830,5844,11/7/2024,17:34:12,1,Transfer
1831,4052,6/20/2024,17:19:47,10,Cash
1832,3537,12/27/2024,15:30:06,4,Transfer
1833,2843,8/30/2024,19:13:56,2,Cash
1834,5103,8/10/2024,16:00:25,10,Card
1835,2442,10/9/2024,15:01:04,9,Cash
1836,2998,5/7/2024,17:18:17,9,Card
1837,2562,6/8/2024,16:46:36,10,Card
1838,9109,6/4/2024,11:50:49,8,Cash
1839,1425,2/8/2024,15:00:01,4,Transfer
1840,6648,10/25/2024,18:25:57,6,Card
1841,4747,9/13/2024,16:13:52,4,Cash
1842,8448,6/3/2024,15:37:50,4,Card
1843,6752,10/4/2024,14:17:55,1,Card
1844,5825,7/18/2024,13:51:21,4,Card
1845,2033,4/7/2024,19:27:30,7,Cash
1846,2642,10/10/2024,17:47:53,5,Cash
1847,2182,11/16/2024,18:43:16,10,Transfer
1848,9860,1/31/2024,15:05:05,4,Card
1849,9235,1/19/2024,18:12:29,6,Cash
1850,1174,2/1/2024,10:38:48,1,Transfer
1851,1345,7/22/2024,12:17:15,8,Card
1852,7519,2/3/2024,13:43:47,7,Card
1853,6311,5/7/2024,9:53:34,3,Card
1854,2102,12/4/2024,15:04:34,5,Transfer
1855,5007,10/8/2024,20:50:05,6,Card
1856,1483,6/2/2024,17:37:53,5,Card
1857,7011,1/16/2024,13:21:21,8,Cash
1858,8647,7/6/2024,18:54:53,4,Cash
1859,7401,10/11/2024,8:02:41,8,Card
1860,3595,8/31/2024,12:55:35,2,Card
1861,3832,3/4/2024,11:14:49,6,Transfer
1862,8918,9/10/2024,8:13:17,4,Cash
1863,8510,7/7/2024,12:01:01,6,Card
1864,6161,8/23/2024,20:41:23,1,Card
1865,2115,12/22/2024,20:51:21,7,Card
1866,7999,11/26/2024,8:32:17,8,Card
1867,8346,5/22/2024,18:33:40,10,Transfer
1868,5838,3/5/2024,10:57:31,8,Cash
1869,1011,8/5/2024,19:25:21,2,Cash
1870,6977,2/25/2024,14:49:15,7,Cash
1871,3668,11/21/2024,16:38:11,1,Cash
1872,4996,5/26/2024,15:14:27,3,Cash
1873,6238,9/2/2024,12:09:18,10,Card
1874,3088,9/4/2024,18:49:38,2,Transfer
1875,3736,5/18/2024,10:44:44,2,Transfer
1876,4733,2/9/2024,12:40:58,6,Cash
1877,9517,7/16/2024,13:21:44,3,Card
1878,5833,12/17/2024,16:50:21,5,Transfer
1879,8326,9/11/2024,12:23:25,8,Transfer
1880,1019,12/4/2024,10:11:06,6,Card
1881,9564,6/19/2024,20:09:56,9,Transfer
1882,4527,11/9/2024,14:14:48,1,Card
1883,8032,10/7/2024,20:17:51,2,Card
1884,5733,9/9/2024,10:06:26,8,Card
1885,3838,10/20/2024,15:16:05,8,Card
1886,4897,12/23/2024,15:46:38,9,Card
1887,1858,11/22/2024,8:39:55,8,Card
1888,5705,12/8/2024,12:07:22,3,Transfer
1889,8347,1/4/2024,12:06:10,7,Cash
1890,1396,5/27/2024,15:37:03,8,Transfer
1891,8708,4/25/2024,13:10:08,4,Cash
1892,6942,10/27/2024,12:26:23,1,Card
1893,6120,4/26/2024,18:49:50,5,Cash
1894,2944,1/30/2024,19:55:13,4,Transfer
1895,7472,9/20/2024,11:07:03,10,Card
1896,9672,1/26/2024,16:05:58,6,Transfer
1897,6708,1/14/2024,17:02:35,6,Card
1898,3584,2/28/2024,15:08:22,9,Transfer
1899,4994,1/10/2024,12:30:00,8,Cash
1900,1969,4/16/2024,9:40:42,4,Transfer
1901,6946,5/6/2024,17:20:28,8,Card
1902,8487,4/27/2024,18:16:18,2,Cash
1903,2184,8/11/2024,11:24:43,1,Card
1904,1786,9/14/2024,8:33:18,3,Card
1905,9876,6/19/2024,13:53:43,7,Cash
1906,9121,4/13/2024,17:05:05,5,Card
1907,3731,12/14/2024,17:38:52,10,Transfer
1908,6892,11/1/2024,11:30:27,7,Card
1909,6063,9/24/2024,20:01:18,10,Cash
1910,1193,2/17/2024,12:23:58,7,Transfer
1911,9803,1/11/2024,13:35:09,9,Transfer
1912,2729,1/23/2024,8:24:05,5,Transfer
1913,7704,5/17/2024,19:16:14,6,Cash
1914,3183,1/21/2024,10:39:17,7,Transfer
1915,9895,2/11/2024,17:09:24,5,Card
1916,1066,4/1/2024,10:03:37,10,Card
1917,6490,5/7/2024,16:02:02,2,Transfer
1918,8867,11/3/2024,18:40:07,1,Transfer
1919,9331,11/29/2024,12:34:47,2,Card
1920,1813,8/13/2024,13:13:46,7,Transfer
1921,5699,3/28/2024,8:19:54,2,Transfer
1922,3812,4/11/2024,12:30:17,8,Card
1923,6205,12/7/2024,19:07:07,7,Card
1924,6991,4/26/2024,14:58:47,7,Card
1925,8019,4/13/2024,19:20:27,1,Transfer
1926,7287,10/28/2024,17:47:42,8,Cash
1927,9194,12/5/2024,16:39:10,5,Card
1928,3265,5/2/2024,17:50:28,4,Cash
1929,9752,12/6/2024,12:16:16,2,Cash
1930,3099,8/31/2024,8:00:54,10,Card
1931,9168,6/3/2024,8:53:38,3,Card
1932,1245,4/13/2024,11:22:28,3,Transfer
1933,5985,4/1/2024,18:03:11,4,Cash
1934,5367,10/22/2024,8:27:59,8,Card
1935,1940,11/18/2024,14:22:51,4,Cash
1936,6759,8/27/2024,17:12:48,2,Card
1937,5266,3/3/2024,12:06:00,2,Transfer
1938,2957,2/18/2024,10:53:16,10,Cash
1939,8410,5/31/2024,14:09:39,9,Transfer
1940,6932,4/20/2024,13:21:47,9,Card
1941,4350,10/4/2024,9:47:42,5,Cash
1942,5318,4/24/2024,20:18:45,10,Transfer
1943,5182,4/29/2024,15:55:02,8,Transfer
1944,6526,6/6/2024,18:14:07,9,Card
1945,8420,10/31/2024,10:29:27,7,Card
1946,7674,11/2/2024,14:56:37,3,Cash
1947,4124,12/9/2024,12:17:51,8,Card
1948,1542,2/1/2024,14:56:11,1,Transfer
1949,7545,4/15/2024,16:56:28,2,Transfer
1950,2974,3/17/2024,11:25:14,6,Transfer
1951,5242,10/15/2024,19:25:00,9,Transfer
1952,2865,12/26/2024,11:13:37,3,Transfer
1953,9967,4/30/2024,10:04:20,2,Card
1954,8731,9/19/2024,13:05:03,4,Transfer
1955,8607,1/10/2024,12:42:50,9,Transfer
1956,4665,5/31/2024,16:56:49,10,Transfer
1957,6670,1/29/2024,13:49:48,4,Card
1958,9115,10/16/2024,9:21:43,1,Card
1959,1504,5/16/2024,12:22:37,7,Card
1960,2129,7/10/2024,16:17:25,4,Transfer
1961,2752,11/20/2024,18:22:30,1,Cash
1962,8113,3/13/2024,19:03:05,6,Cash
1963,3383,9/11/2024,19:11:51,10,Transfer
1964,1604,5/3/2024,13:38:00,8,Card
1965,7824,12/5/2024,8:09:44,3,Cash
1966,1961,12/28/2024,11:55:20,10,Cash
1967,3659,3/16/2024,12:57:09,2,Cash
1968,9333,12/8/2024,14:23:01,5,Card
1969,8631,4/24/2024,11:16:17,4,Transfer
1970,3137,1/17/2024,10:30:54,1,Cash
1971,2091,1/29/2024,10:45:25,6,Transfer
1972,9545,2/24/2024,10:02:56,4,Card
1973,7947,7/4/2024,10:22:13,7,Card
1974,3114,11/24/2024,16:28:51,9,Card
1975,5622,8/20/2024,18:54:01,9,Cash
1976,1416,10/27/2024,19:42:13,10,Transfer
1977,8024,5/31/2024,19:17:05,3,Card
1978,8148,9/2/2024,11:07:30,2,Transfer
1979,9203,7/4/2024,17:38:58,10,Transfer
1980,9265,2/24/2024,11:42:58,10,Transfer
1981,9345,8/2/2024,13:03:08,10,Card
1982,4473,5/18/2024,15:28:19,10,Transfer
1983,3998,2/13/2024,11:18:09,3,Transfer
1984,4159,1/19/2024,20:28:54,5,Transfer
1985,3453,11/13/2024,11:42:49,2,Card
1986,1335,8/23/2024,15:52:34,5,Card
1987,7192,3/27/2024,12:34:53,5,Card
1988,3256,5/3/2024,13:24:06,3,Cash
1989,4405,10/3/2024,15:05:24,2,Cash
1990,5715,7/3/2024,14:27:56,10,Transfer
1991,9319,2/25/2024,10:04:56,5,Transfer
1992,3886,11/9/2024,16:44:29,8,Transfer
1993,6739,4/1/2024,13:56:22,10,Transfer
1994,7445,11/9/2024,17:53:30,5,Cash
1995,8775,8/14/2024,9:54:29,3,Card
1996,6587,10/13/2024,19:38:56,6,Cash
1997,4825,7/20/2024,18:49:07,9,Transfer
1998,3893,8/21/2024,20:05:04,5,Transfer
1999,2612,9/4/2024,17:27:25,2,Card
2000,6280,6/14/2024,9:26:18,3,Cash
2001,6992,6/6/2024,10:28:45,10,Cash
2002,2258,11/10/2024,20:19:39,9,Cash
2003,1686,3/9/2024,9:46:08,10,Card
2004,2256,7/6/2024,17:09:08,6,Card
2005,5567,5/19/2024,9:19:11,2,Cash
2006,2338,4/29/2024,10:08:58,6,Card
2007,8881,10/3/2024,10:36:16,3,Transfer
2008,6266,2/19/2024,11:18:32,1,Cash
2009,3142,9/28/2024,18:40:32,4,Transfer
2010,1918,2/1/2024,8:56:37,8,Cash
2011,4306,7/30/2024,15:22:16,8,Transfer
2012,8738,6/21/2024,13:38:16,2,Card
2013,9971,10/19/2024,12:56:45,3,Card
2014,3559,3/15/2024,12:39:46,9,Card
2015,1830,1/2/2024,14:34:43,5,Cash
2016,9983,12/2/2024,19:59:10,4,Cash
2017,1922,10/7/2024,18:14:42,7,Cash
2018,2354,10/1/2024,14:37:56,6,Cash
2019,8614,12/16/2024,18:34:27,7,Transfer
2020,2217,10/17/2024,20:17:38,7,Transfer
2021,5714,7/19/2024,8:17:55,3,Transfer
2022,5268,7/17/2024,12:07:23,3,Transfer
2023,8755,10/6/2024,8:15:43,2,Card
2024,3040,8/22/2024,19:20:09,4,Card
2025,6505,3/17/2024,15:44:42,10,Card
2026,8779,11/29/2024,14:40:21,6,Cash
2027,8936,4/18/2024,11:14:43,2,Transfer
2028,9054,9/16/2024,9:52:55,2,Transfer
2029,6034,11/27/2024,19:11:03,1,Cash
2030,8462,2/18/2024,9:04:04,10,Cash
2031,6903,12/17/2024,8:13:07,7,Card
2032,1155,6/2/2024,16:17:49,8,Cash
2033,1640,6/13/2024,11:11:08,2,Card
2034,1924,4/6/2024,8:04:04,5,Transfer
2035,1850,8/27/2024,12:52:45,3,Transfer
2036,3068,8/16/2024,15:08:26,7,Transfer
2037,1223,7/13/2024,18:41:04,3,Card
2038,9593,7/21/2024,9:59:06,7,Card
2039,1482,9/28/2024,11:09:56,4,Card
2040,5870,4/20/2024,8:28:39,3,Card
2041,5487,3/2/2024,18:35:13,10,Transfer
2042,6668,7/12/2024,12:46:19,7,Cash
2043,4947,4/9/2024,8:22:50,3,Card
2044,4007,12/21/2024,18:37:41,8,Transfer
2045,4011,4/26/2024,17:53:10,1,Card
2046,8479,9/21/2024,13:30:48,2,Cash
2047,4807,7/11/2024,15:56:13,5,Card
2048,3876,9/11/2024,16:33:39,8,Transfer
2049,1061,7/24/2024,20:00:07,7,Card
2050,7202,11/13/2024,20:33:11,5,Card
2051,3473,9/3/2024,20:34:41,2,Transfer
2052,6312,5/17/2024,12:27:42,6,Transfer
2053,6519,2/15/2024,20:29:32,1,Transfer
2054,1334,6/29/2024,9:54:17,1,Cash
2055,5375,1/13/2024,16:05:48,10,Cash
2056,4515,2/5/2024,9:33:08,3,Cash
2057,2856,2/26/2024,11:39:37,7,Card
2058,2379,6/15/2024,9:43:25,10,Card
2059,1989,10/11/2024,8:52:24,6,Card
2060,8252,1/4/2024,14:46:38,1,Transfer
2061,8966,8/1/2024,20:19:02,4,Transfer
2062,5716,6/5/2024,12:30:08,3,Cash
2063,9142,11/4/2024,18:56:20,9,Cash
2064,1354,7/17/2024,19:09:21,3,Transfer
2065,1939,5/4/2024,18:59:33,5,Cash
2066,7031,7/6/2024,10:06:26,3,Cash
2067,9491,1/13/2024,17:25:20,7,Transfer
2068,7937,3/29/2024,19:53:13,6,Card
2069,9603,5/26/2024,8:05:18,6,Cash
2070,8313,7/10/2024,18:30:11,7,Cash
2071,2971,7/9/2024,17:10:00,1,Cash
2072,4856,7/21/2024,8:21:22,4,Card
2073,7547,6/12/2024,16:00:34,10,Cash
2074,4585,2/26/2024,16:04:09,3,Transfer
2075,1514,12/12/2024,10:23:47,8,Card
2076,2153,10/28/2024,15:05:04,8,Card
2077,8567,9/6/2024,10:09:28,5,Transfer
2078,1486,7/11/2024,13:24:01,2,Card
2079,5764,4/12/2024,14:02:27,7,Card
2080,5603,8/27/2024,9:36:36,6,Transfer
2081,6020,9/22/2024,17:16:52,6,Cash
2082,7946,8/19/2024,8:14:01,7,Transfer
2083,9457,8/2/2024,15:42:21,9,Cash
2084,9686,10/25/2024,19:24:27,7,Card
2085,1115,6/6/2024,13:40:58,6,Cash
2086,4561,5/13/2024,8:42:58,8,Card
2087,6118,10/6/2024,17:57:16,3,Cash
2088,6467,10/27/2024,9:46:20,3,Transfer
2089,7758,2/7/2024,9:03:52,10,Transfer
2090,7473,12/29/2024,10:34:14,4,Card
2091,4570,10/12/2024,13:21:01,6,Transfer
2092,5271,9/13/2024,20:46:40,5,Card
2093,4539,6/20/2024,20:00:21,2,Card
2094,1763,6/7/2024,14:22:31,4,Transfer
2095,1888,7/27/2024,8:35:57,9,Transfer
2096,9374,2/27/2024,8:03:05,7,Cash
2097,2983,6/10/2024,16:53:58,1,Cash
2098,2400,12/29/2024,14:12:15,5,Card
2099,7024,10/11/2024,19:49:27,4,Transfer
2100,2977,7/8/2024,18:12:32,7,Card
2101,6454,3/26/2024,11:39:33,5,Transfer
2102,3366,3/23/2024,20:25:59,7,Transfer
2103,8494,4/26/2024,11:00:46,2,Card
2104,5682,8/24/2024,15:30:06,7,Cash
2105,5435,11/28/2024,16:31:36,4,Transfer
2106,5092,4/1/2024,10:57:44,1,Cash
2107,9092,11/4/2024,12:14:32,3,Cash
2108,8381,12/16/2024,15:25:37,3,Cash
2109,3306,12/29/2024,8:58:32,4,Transfer
2110,8083,12/27/2024,9:58:43,6,Cash
2111,8282,5/16/2024,19:30:04,8,Cash
2112,5996,6/21/2024,19:27:35,3,Cash
2113,5963,9/17/2024,15:42:27,6,Transfer
2114,8048,1/5/2024,11:58:02,7,Transfer
2115,5407,8/14/2024,13:14:43,6,Card
2116,5116,9/23/2024,8:08:37,6,Card
2117,5250,1/9/2024,14:37:38,9,Cash
2118,8491,11/4/2024,9:26:51,8,Cash
2119,6249,7/10/2024,20:57:24,6,Cash
2120,1106,10/18/2024,17:23:28,9,Cash
2121,1617,9/8/2024,20:53:33,10,Card
2122,2127,5/19/2024,13:02:09,7,Card
2123,9795,10/25/2024,18:05:40,10,Cash
2124,6754,3/8/2024,17:24:24,1,Card
2125,3669,6/30/2024,16:03:33,2,Cash
2126,1166,4/29/2024,9:41:19,6,Cash
2127,4222,9/17/2024,13:51:22,9,Cash
2128,7569,6/11/2024,9:31:46,5,Cash
2129,5410,6/14/2024,20:36:29,6,Card
2130,7438,2/7/2024,14:00:40,7,Cash
2131,9639,1/2/2024,12:47:46,10,Card
2132,5449,5/5/2024,18:40:20,5,Cash
2133,5413,4/2/2024,20:18:35,10,Transfer
2134,1934,2/5/2024,18:00:45,6,Card
2135,3652,8/4/2024,15:04:37,5,Transfer
2136,7194,11/17/2024,13:29:42,2,Cash
2137,3172,10/22/2024,11:22:15,2,Card
2138,6137,10/24/2024,9:14:11,6,Card
2139,3053,1/22/2024,19:59:27,5,Cash
2140,9670,11/16/2024,17:31:12,8,Transfer
2141,6378,1/7/2024,8:00:22,4,Cash
2142,9993,12/27/2024,18:15:30,3,Transfer
2143,6014,4/30/2024,17:55:07,5,Cash
2144,7734,7/1/2024,15:40:46,1,Transfer
2145,1907,10/2/2024,13:11:03,2,Card
2146,8710,2/14/2024,13:29:10,8,Cash
2147,9870,2/1/2024,17:15:41,6,Cash
2148,4592,7/26/2024,18:29:09,2,Transfer
2149,9278,10/12/2024,11:04:06,1,Cash
2150,3598,11/1/2024,13:44:02,5,Transfer
2151,3064,7/8/2024,11:30:51,9,Card
2152,9210,4/14/2024,11:53:18,6,Card
2153,9055,10/14/2024,10:17:15,10,Cash
2154,4916,5/14/2024,12:09:09,3,Cash
2155,8605,10/9/2024,17:28:19,7,Transfer
2156,2705,4/16/2024,17:46:33,3,Transfer
2157,7264,7/13/2024,8:41:58,10,Card
2158,6576,4/7/2024,16:47:49,10,Cash
2159,9196,7/20/2024,18:12:02,6,Transfer
2160,8645,10/22/2024,19:49:17,1,Cash
2161,9794,8/10/2024,8:50:44,10,Card
2162,7160,5/7/2024,10:12:03,3,Card
2163,2037,2/9/2024,14:23:19,9,Transfer
2164,1369,7/12/2024,15:20:16,1,Transfer
2165,3946,9/30/2024,18:37:02,9,Cash
2166,8352,7/26/2024,16:22:21,6,Transfer
2167,9646,9/14/2024,11:41:35,6,Card
2168,3317,8/21/2024,17:11:28,7,Cash
2169,9258,4/10/2024,20:08:28,9,Card
2170,8883,9/10/2024,15:57:13,6,Cash
2171,1621,5/25/2024,13:28:31,1,Cash
2172,5975,3/24/2024,8:15:37,1,Card
2173,7329,9/6/2024,19:51:59,7,Cash
2174,1265,4/22/2024,12:46:54,5,Card
2175,2551,12/8/2024,19:51:44,10,Transfer
2176,7791,8/22/2024,14:36:59,8,Cash
2177,5362,6/23/2024,16:08:50,3,Card
2178,7489,10/27/2024,18:22:18,9,Card
2179,6071,12/2/2024,20:20:42,4,Cash
2180,5765,4/28/2024,13:18:19,10,Card
2181,4386,10/15/2024,14:09:18,8,Cash
2182,4569,9/16/2024,17:00:26,10,Transfer
2183,9540,1/14/2024,10:35:11,6,Transfer
2184,9261,9/12/2024,17:20:05,6,Card
2185,9851,9/12/2024,19:42:00,10,Cash
2186,1749,6/26/2024,15:15:46,2,Card
2187,4283,12/6/2024,10:00:26,8,Transfer
2188,3702,9/28/2024,20:55:24,8,Transfer
2189,2114,12/13/2024,8:54:56,1,Card
2190,8583,9/4/2024,13:56:29,7,Cash
2191,8182,8/26/2024,13:50:50,4,Card
2192,8023,5/15/2024,11:42:22,5,Transfer
2193,5252,11/22/2024,9:27:20,1,Card
2194,5660,2/28/2024,16:31:16,5,Cash
2195,9409,6/26/2024,19:12:56,10,Cash
2196,2825,11/19/2024,9:29:57,9,Cash
2197,7075,11/9/2024,15:22:58,5,Transfer
2198,6466,1/4/2024,9:03:06,4,Transfer
2199,4961,11/29/2024,10:24:33,1,Transfer
2200,3056,1/20/2024,17:03:52,5,Card
2201,5360,5/10/2024,20:48:39,7,Transfer
2202,1444,1/31/2024,18:12:12,10,Card
2203,3429,4/4/2024,11:56:08,7,Card
2204,2766,10/7/2024,18:55:01,9,Transfer
2205,8807,4/26/2024,12:39:49,10,Card
2206,8163,9/5/2024,15:21:55,8,Card
2207,1846,12/20/2024,12:58:23,6,Transfer
2208,9729,11/27/2024,17:16:22,5,Card
2209,8199,6/9/2024,17:02:40,5,Cash
2210,8245,12/9/2024,10:09:22,9,Transfer
2211,2507,4/26/2024,17:01:43,5,Cash
2212,6167,7/17/2024,19:08:19,2,Cash
2213,9401,5/14/2024,19:31:44,10,Cash
2214,8375,3/14/2024,10:10:40,3,Card
2215,4317,10/21/2024,20:59:04,7,Cash
2216,8250,2/11/2024,11:58:42,4,Card
2217,2636,3/20/2024,13:41:56,1,Cash
2218,4098,7/19/2024,14:51:33,1,Transfer
2219,4308,11/10/2024,8:05:31,5,Cash
2220,7954,2/4/2024,20:20:41,4,Transfer
2221,8488,2/16/2024,20:16:50,5,Card
2222,8582,2/25/2024,16:14:55,1,Card
2223,8751,6/7/2024,15:25:00,7,Cash
2224,7172,8/11/2024,13:14:41,6,Card
2225,7627,5/16/2024,18:49:36,1,Card
2226,2811,11/11/2024,14:45:29,3,Transfer
2227,7995,9/16/2024,14:15:58,5,Transfer
2228,3654,5/11/2024,18:17:58,6,Transfer
2229,3656,12/25/2024,12:33:35,10,Card
2230,5849,4/2/2024,12:25:01,4,Transfer
2231,5993,1/1/2024,19:09:53,9,Card
2232,9615,3/13/2024,18:43:25,6,Cash
2233,5206,6/22/2024,12:06:06,9,Card
2234,9951,10/12/2024,18:49:27,5,Cash
2235,1636,8/25/2024,16:35:42,9,Transfer
2236,8830,12/16/2024,10:09:23,4,Card
2237,4202,9/28/2024,15:04:57,9,Card
2238,3032,12/10/2024,15:03:33,9,Card
2239,4488,12/11/2024,12:51:19,9,Cash
2240,1448,12/6/2024,17:52:40,5,Transfer
2241,4645,11/13/2024,17:02:20,8,Card
2242,6685,1/5/2024,8:21:49,8,Card
2243,9234,2/28/2024,20:14:31,3,Transfer
2244,4046,5/14/2024,20:04:26,9,Card
2245,3748,11/7/2024,12:56:13,9,Card
2246,3111,6/18/2024,19:31:24,5,Transfer
2247,5013,11/9/2024,18:27:44,2,Cash
2248,9954,10/22/2024,13:16:37,3,Card
2249,5900,7/24/2024,14:24:33,7,Card
2250,5467,12/19/2024,8:25:54,4,Cash
2251,3939,11/12/2024,17:37:23,5,Card
2252,7645,6/29/2024,20:38:56,2,Transfer
2253,1839,7/27/2024,15:03:55,3,Transfer
2254,8254,7/26/2024,20:41:13,9,Card
2255,3518,3/24/2024,16:16:10,4,Transfer
2256,7843,10/12/2024,11:36:38,9,Transfer
2257,2285,5/31/2024,17:27:52,7,Card
2258,9669,5/25/2024,10:06:56,1,Cash
2259,9801,9/4/2024,19:40:19,8,Transfer
2260,1614,7/11/2024,18:15:59,7,Transfer
2261,3209,10/28/2024,17:44:38,4,Cash
2262,1881,12/25/2024,9:50:14,6,Transfer
2263,5889,3/7/2024,13:53:02,10,Cash
2264,9209,5/23/2024,16:40:26,6,Transfer
2265,2550,4/6/2024,15:32:30,8,Card
2266,9912,10/26/2024,19:45:11,7,Card
2267,2660,11/7/2024,11:46:22,3,Cash
2268,9573,3/5/2024,19:49:24,3,Transfer
2269,1367,4/17/2024,18:40:14,8,Cash
2270,8394,3/6/2024,15:31:54,3,Transfer
2271,6333,9/2/2024,10:44:14,5,Cash
2272,1725,4/3/2024,16:44:46,4,Cash
2273,7915,11/21/2024,8:19:26,6,Card
2274,6330,9/1/2024,8:34:25,3,Card
2275,8246,6/29/2024,18:32:48,5,Transfer
2276,8967,5/16/2024,14:06:35,7,Transfer
2277,2299,7/11/2024,19:30:40,1,Cash
2278,6442,12/3/2024,17:14:03,10,Card
2279,6871,5/22/2024,14:50:29,4,Cash
2280,8865,3/19/2024,15:53:52,8,Cash
2281,1293,12/28/2024,11:58:46,10,Transfer
2282,3150,4/21/2024,18:55:59,1,Transfer
2283,8894,4/20/2024,17:40:32,6,Card
2284,5728,3/6/2024,15:33:19,4,Card
2285,6802,10/12/2024,17:00:26,2,Transfer
2286,2682,5/26/2024,10:40:20,10,Cash
2287,7373,10/8/2024,11:25:45,10,Cash
2288,7904,11/9/2024,17:48:11,9,Transfer
2289,5066,4/25/2024,18:18:59,9,Card
2290,1075,12/12/2024,13:49:03,10,Card
2291,4964,2/24/2024,18:28:03,4,Card
2292,4806,3/9/2024,11:54:20,3,Transfer
2293,2356,4/2/2024,18:36:01,7,Card
2294,9536,12/17/2024,14:04:30,5,Transfer
2295,6279,1/23/2024,11:27:19,1,Cash
2296,7535,3/22/2024,9:21:57,7,Card
2297,2266,5/14/2024,16:22:36,5,Card
2298,1798,4/20/2024,9:39:40,3,Cash
2299,1405,8/29/2024,14:13:25,8,Transfer
2300,1158,10/18/2024,10:29:23,5,Card
2301,8078,4/17/2024,13:31:24,2,Cash
2302,2485,1/15/2024,19:22:01,7,Transfer
2303,4756,4/16/2024,9:21:48,8,Transfer
2304,5113,5/20/2024,12:39:21,7,Card
2305,4567,6/17/2024,18:29:52,10,Card
2306,3719,1/31/2024,8:02:27,10,Card
2307,1673,5/12/2024,10:30:44,10,Cash
2308,8653,3/4/2024,20:58:53,5,Cash
2309,3636,11/20/2024,9:22:55,2,Card
2310,9082,7/23/2024,8:09:44,5,Cash
2311,9067,7/2/2024,13:47:46,2,Transfer
2312,7949,2/7/2024,12:14:23,1,Transfer
2313,1057,3/23/2024,14:46:10,10,Transfer
2314,2931,7/26/2024,16:54:28,6,Card
2315,9304,3/6/2024,8:53:45,5,Card
2316,9126,1/28/2024,13:39:17,9,Cash
2317,8882,2/9/2024,11:10:35,5,Transfer
2318,7167,8/31/2024,9:16:36,9,Cash
2319,8685,1/22/2024,20:55:14,9,Card
2320,3496,6/7/2024,8:52:25,7,Card
2321,3379,4/25/2024,10:08:54,9,Transfer
2322,8825,4/24/2024,14:26:59,4,Cash
2323,1965,5/28/2024,17:09:34,6,Cash
2324,6192,1/6/2024,19:06:23,1,Card
2325,8919,10/15/2024,18:34:51,2,Card
2326,7168,8/9/2024,13:13:35,1,Transfer
2327,8643,2/26/2024,20:34:27,1,Cash
2328,3465,7/24/2024,11:19:06,6,Transfer
2329,4385,6/24/2024,9:40:29,6,Cash
2330,2335,3/10/2024,11:55:24,9,Transfer
2331,9060,3/18/2024,14:34:34,5,Card
2332,8188,7/25/2024,18:56:21,7,Card
2333,4307,12/21/2024,16:06:00,2,Cash
2334,2330,6/19/2024,9:28:22,8,Card
2335,4073,10/8/2024,8:26:40,2,Card
2336,3996,9/28/2024,16:18:15,1,Cash
2337,4742,3/31/2024,17:38:56,5,Card
2338,9992,7/4/2024,8:50:01,1,Cash
2339,1372,8/10/2024,8:26:20,8,Cash
2340,5143,5/19/2024,13:27:11,3,Cash
2341,8515,3/27/2024,19:31:12,8,Card
2342,1446,4/20/2024,15:42:09,7,Card
2343,1586,10/2/2024,12:27:36,8,Cash
2344,5078,11/19/2024,13:16:00,8,Cash
2345,1090,10/14/2024,15:31:38,4,Card
2346,7986,9/14/2024,10:21:33,10,Cash
2347,5978,3/20/2024,15:40:41,2,Card
2348,3292,3/13/2024,10:34:53,2,Cash
2349,4956,5/23/2024,13:47:24,5,Transfer
2350,8725,9/29/2024,16:11:20,6,Cash
2351,3663,3/9/2024,9:24:45,3,Cash
2352,2861,12/14/2024,17:29:19,3,Card
2353,1159,11/10/2024,13:11:11,2,Cash
2354,3551,6/15/2024,8:51:42,10,Cash
2355,2099,7/29/2024,18:06:38,6,Transfer
2356,2762,12/24/2024,9:44:58,5,Card
2357,7143,8/6/2024,19:46:59,10,Transfer
2358,1803,11/9/2024,14:41:45,10,Cash
2359,7562,2/15/2024,15:20:59,4,Cash
2360,1131,11/13/2024,14:41:07,5,Cash
2361,5741,9/10/2024,8:18:57,7,Cash
2362,5391,2/26/2024,8:47:04,3,Transfer
2363,6348,4/19/2024,9:17:49,1,Cash
2364,8635,6/8/2024,9:20:59,7,Transfer
2365,4047,4/23/2024,16:15:40,5,Transfer
2366,8269,4/29/2024,10:19:43,9,Card
2367,9777,2/4/2024,20:36:18,1,Cash
2368,7699,4/30/2024,10:22:25,7,Card
2369,2558,10/5/2024,12:41:42,9,Card
2370,3745,7/8/2024,10:12:09,2,Card
2371,5581,9/27/2024,13:31:55,10,Transfer
2372,8317,9/10/2024,10:51:28,7,Cash
2373,3497,5/21/2024,19:07:33,10,Transfer
2374,1800,11/11/2024,10:44:13,3,Transfer
2375,5170,6/8/2024,9:13:16,1,Cash
2376,7960,8/16/2024,12:34:20,4,Card
2377,1761,8/1/2024,18:14:17,10,Card
2378,6794,10/16/2024,17:20:17,4,Card
2379,4868,12/25/2024,14:01:52,3,Transfer
2380,1191,5/17/2024,20:14:55,4,Card
2381,8659,9/11/2024,10:24:08,9,Card
2382,3899,4/25/2024,20:44:37,1,Card
2383,9934,8/13/2024,11:40:14,4,Cash
2384,8497,11/25/2024,10:30:34,7,Transfer
2385,5277,12/18/2024,13:41:43,9,Transfer
2386,2474,4/11/2024,11:26:42,10,Cash
2387,4110,4/30/2024,8:06:17,5,Cash
2388,3124,2/24/2024,12:06:37,5,Transfer
2389,7814,11/11/2024,19:04:17,8,Card
2390,5244,3/19/2024,15:23:28,5,Transfer
2391,5162,12/3/2024,19:07:18,6,Cash
2392,3439,10/16/2024,13:37:04,4,Card
2393,9186,5/2/2024,13:19:31,9,Transfer
2394,2773,6/13/2024,20:12:33,10,Card
2395,7706,12/14/2024,19:29:47,5,Cash
2396,3949,7/12/2024,15:33:39,9,Transfer
2397,4718,5/6/2024,20:19:16,3,Cash
2398,5813,5/3/2024,11:04:32,7,Cash
2399,4666,10/1/2024,8:49:48,6,Card
2400,5493,3/10/2024,17:46:24,5,Cash
2401,6341,8/1/2024,15:22:46,7,Card
2402,2282,5/6/2024,18:40:50,2,Cash
2403,8166,12/24/2024,10:32:48,1,Card
2404,3013,12/11/2024,14:30:05,3,Cash
2405,2487,9/28/2024,10:48:11,4,Transfer
2406,6125,5/5/2024,16:08:53,6,Transfer
2407,8132,12/10/2024,15:27:09,10,Cash
2408,8216,7/8/2024,11:11:29,10,Cash
2409,6864,7/2/2024,16:47:42,4,Cash
2410,7033,9/15/2024,10:00:46,2,Cash
2411,3919,3/17/2024,17:16:35,6,Transfer
2412,4068,11/15/2024,9:57:00,6,Transfer
2413,8374,7/8/2024,15:58:43,9,Transfer
2414,1647,7/23/2024,18:24:19,1,Transfer
2415,6915,9/2/2024,9:34:06,8,Cash
2416,2755,6/25/2024,13:29:15,5,Cash
2417,5049,12/18/2024,9:43:11,9,Card
2418,5726,5/17/2024,12:25:44,5,Card
2419,9820,5/6/2024,11:15:27,8,Transfer
2420,3082,9/29/2024,9:15:41,5,Cash
2421,9549,4/12/2024,19:12:03,7,Transfer
2422,5140,10/21/2024,11:57:23,4,Transfer
2423,4437,6/1/2024,20:41:55,3,Cash
2424,7169,8/27/2024,11:14:11,5,Transfer
2425,4800,12/15/2024,10:22:26,9,Transfer
2426,8603,12/27/2024,8:44:45,1,Card
2427,4625,4/9/2024,11:58:33,4,Card
2428,8305,9/5/2024,14:10:45,7,Cash
2429,5624,8/25/2024,15:15:35,6,Cash
2430,9422,10/21/2024,9:35:19,1,Cash
2431,8922,6/1/2024,16:58:31,6,Card
2432,1585,2/19/2024,18:00:56,2,Cash
2433,9739,10/18/2024,17:59:55,3,Transfer
2434,6577,1/25/2024,13:44:37,9,Transfer
2435,3589,10/11/2024,14:49:38,3,Cash
2436,1350,3/1/2024,20:48:11,2,Transfer
2437,6180,10/5/2024,10:53:24,6,Card
2438,4043,8/3/2024,16:38:53,9,Transfer
2439,3365,2/28/2024,19:35:09,2,Cash
2440,4936,9/8/2024,12:49:20,5,Card
2441,5021,11/4/2024,16:37:56,1,Card
2442,9578,9/9/2024,14:48:26,6,Transfer
2443,5791,11/28/2024,13:50:20,3,Transfer
2444,8142,12/18/2024,11:39:10,5,Transfer
2445,5402,11/11/2024,8:08:50,6,Transfer
2446,9497,8/5/2024,14:23:13,6,Cash
2447,2272,2/13/2024,18:07:48,1,Card
2448,4362,5/4/2024,13:28:59,3,Cash
2449,1565,2/20/2024,17:26:10,4,Card
2450,9664,12/29/2024,20:08:53,10,Transfer
2451,1591,5/22/2024,13:13:32,9,Card
2452,2345,7/28/2024,16:36:11,2,Card
2453,9241,10/9/2024,13:27:54,3,Cash
2454,4083,10/4/2024,8:34:14,10,Card
2455,1497,1/13/2024,9:12:52,6,Card
2456,6543,6/28/2024,12:36:50,9,Cash
2457,6237,10/1/2024,15:56:55,5,Transfer
2458,9146,2/22/2024,10:05:40,1,Card
2459,5556,5/27/2024,20:33:20,2,Transfer
2460,6323,7/23/2024,9:47:56,3,Card
2461,4899,8/15/2024,12:39:53,3,Transfer
2462,3242,4/10/2024,13:48:37,6,Card
2463,7598,9/7/2024,9:52:13,10,Cash
2464,2638,3/5/2024,18:37:06,1,Cash
2465,6504,12/30/2024,10:17:13,7,Cash
2466,3509,12/30/2024,13:27:31,8,Card
2467,5048,7/2/2024,16:05:26,7,Card
2468,3067,5/19/2024,14:14:36,3,Card
2469,8927,10/13/2024,18:59:36,6,Card
2470,6967,11/12/2024,9:45:46,6,Transfer
2471,4659,2/25/2024,14:55:28,6,Card
2472,5966,7/7/2024,14:06:40,2,Card
2473,8866,12/13/2024,17:47:02,4,Card
2474,2510,2/27/2024,10:34:00,5,Cash
2475,8086,2/13/2024,13:51:38,8,Cash
2476,9064,10/24/2024,15:01:47,5,Transfer
2477,6691,11/18/2024,20:41:29,10,Card
2478,3406,4/19/2024,17:34:55,8,Cash
2479,8109,9/8/2024,20:14:00,10,Cash
2480,5248,2/16/2024,12:52:18,9,Transfer
2481,2683,9/6/2024,17:39:15,3,Transfer
2482,2599,10/6/2024,15:24:17,10,Card
2483,2351,3/28/2024,8:01:50,3,Card
2484,1576,7/20/2024,17:21:56,1,Transfer
2485,6763,5/14/2024,15:00:28,3,Transfer
2486,4975,4/12/2024,19:05:42,2,Cash
2487,3688,2/10/2024,9:57:32,8,Cash
2488,7586,5/1/2024,17:12:13,2,Transfer
2489,6090,9/25/2024,17:37:29,1,Card
2490,8072,2/5/2024,8:35:34,7,Transfer
2491,7555,7/10/2024,16:21:59,6,Cash
2492,3957,4/9/2024,14:55:53,5,Card
2493,1434,6/25/2024,12:58:17,1,Cash
2494,8560,3/1/2024,13:07:36,3,Transfer
2495,1146,3/7/2024,9:43:39,2,Card
2496,9163,7/17/2024,9:26:52,2,Cash
2497,4741,4/14/2024,14:55:27,4,Transfer
2498,1732,11/1/2024,14:24:52,9,Transfer
2499,3370,5/30/2024,12:37:37,3,Card
2500,1634,11/19/2024,16:58:25,8,Transfer
2501,1491,6/15/2024,17:42:56,9,Cash
2502,6024,4/5/2024,20:48:14,6,Transfer
2503,2868,7/25/2024,13:50:56,9,Card
2504,7076,1/15/2024,15:52:41,6,Cash
2505,2892,9/28/2024,8:22:09,5,Card
2506,3689,1/23/2024,11:41:18,1,Card
2507,5119,2/11/2024,16:39:33,3,Transfer
2508,1097,3/8/2024,11:54:00,10,Cash
2509,3432,8/20/2024,19:42:34,7,Card
2510,5862,9/30/2024,12:53:59,3,Cash
2511,8959,2/18/2024,15:12:30,4,Cash
2512,5583,7/26/2024,11:05:01,5,Card
2513,5270,6/13/2024,20:41:51,1,Transfer
2514,2187,1/11/2024,16:57:15,1,Transfer
2515,9626,8/15/2024,16:28:11,5,Transfer
2516,2130,2/27/2024,15:43:55,10,Card
2517,2894,6/29/2024,13:10:11,10,Transfer
2518,5194,7/23/2024,13:09:39,6,Cash
2519,8954,1/6/2024,10:40:01,9,Cash
2520,6218,10/29/2024,12:48:08,5,Cash
2521,3355,8/13/2024,16:34:29,10,Card
2522,7399,1/17/2024,11:58:06,5,Transfer
2523,3501,1/17/2024,9:58:25,8,Transfer
2524,4785,1/26/2024,14:40:02,8,Card
2525,1522,6/11/2024,16:27:15,2,Transfer
2526,8873,3/14/2024,15:11:22,4,Transfer
2527,4542,5/26/2024,19:16:25,10,Card
2528,2837,9/5/2024,12:29:31,7,Cash
2529,8233,12/21/2024,12:19:13,8,Cash
2530,7220,10/23/2024,14:53:09,7,Cash
2531,1602,11/9/2024,12:06:58,8,Transfer
2532,6195,2/22/2024,8:29:33,6,Transfer
2533,4055,8/31/2024,10:49:18,10,Cash
2534,7388,8/7/2024,10:48:28,3,Cash
2535,4816,8/14/2024,14:47:29,3,Transfer
2536,8862,5/3/2024,18:17:05,1,Card
2537,2557,5/7/2024,16:18:22,3,Card
2538,4116,6/14/2024,20:18:02,5,Transfer
2539,7546,6/20/2024,12:39:10,1,Cash
2540,4037,1/24/2024,18:39:16,5,Card
2541,5861,1/9/2024,11:00:59,2,Cash
2542,6049,8/5/2024,14:46:30,9,Transfer
2543,7817,5/16/2024,15:43:26,1,Cash
2544,6585,2/5/2024,13:07:37,4,Card
2545,9713,8/21/2024,19:52:08,2,Cash
2546,3727,10/10/2024,16:28:32,4,Card
2547,3800,12/12/2024,12:11:28,8,Transfer
2548,8851,7/16/2024,15:16:47,10,Card
2549,6313,5/7/2024,12:18:37,8,Transfer
2550,1820,2/12/2024,15:15:30,4,Cash
2551,2846,11/13/2024,12:28:35,1,Cash
2552,9650,11/24/2024,9:55:19,5,Cash
2553,9417,12/20/2024,10:28:34,4,Transfer
2554,9968,4/24/2024,19:22:37,9,Cash
2555,3424,2/4/2024,16:04:25,1,Cash
2556,9690,11/30/2024,16:11:19,8,Card
2557,7952,8/18/2024,17:51:28,1,Cash
2558,9916,10/13/2024,18:23:12,8,Transfer
2559,1331,6/30/2024,16:27:00,6,Cash
2560,6469,7/1/2024,12:52:36,8,Transfer
2561,9525,5/26/2024,16:54:23,7,Transfer
2562,3517,3/26/2024,8:04:41,7,Card
2563,8473,3/21/2024,9:47:56,8,Cash
2564,6675,2/27/2024,12:01:26,2,Transfer
2565,4877,3/27/2024,11:51:23,6,Card
2566,3555,7/1/2024,19:42:46,8,Cash
2567,8180,7/30/2024,18:27:00,1,Cash
2568,2787,3/7/2024,14:52:36,2,Card
2569,1948,7/13/2024,19:19:48,7,Transfer
2570,9580,5/30/2024,11:02:04,9,Transfer
2571,3630,8/5/2024,12:48:45,8,Transfer
2572,9582,1/25/2024,19:12:16,2,Card
2573,2546,3/18/2024,12:25:57,8,Transfer
2574,3381,12/18/2024,17:36:39,6,Card
2575,5372,1/7/2024,16:47:32,8,Card
2576,1270,9/4/2024,14:57:46,8,Transfer
2577,7409,8/24/2024,10:22:39,1,Cash
2578,8354,8/17/2024,8:56:20,10,Cash
2579,4522,5/4/2024,9:11:52,3,Cash
2580,3318,5/12/2024,20:39:33,6,Cash
2581,3324,7/16/2024,13:20:32,1,Transfer
2582,3991,4/1/2024,19:09:39,10,Transfer
2583,1931,8/29/2024,18:16:46,4,Cash
2584,1752,4/4/2024,11:38:48,8,Card
2585,1536,5/3/2024,8:46:23,3,Transfer
2586,6749,9/10/2024,14:46:48,9,Card
2587,2591,7/27/2024,12:13:33,2,Transfer
2588,1955,8/25/2024,19:42:42,8,Card
2589,9211,1/11/2024,9:55:19,6,Card
2590,4480,7/13/2024,11:40:03,8,Cash
2591,1960,9/5/2024,17:44:51,1,Card
2592,6334,1/14/2024,9:48:08,10,Transfer
2593,6043,8/17/2024,18:45:31,4,Cash
2594,5949,8/4/2024,9:58:05,6,Cash
2595,8156,1/24/2024,11:08:25,2,Card
2596,1418,8/10/2024,8:07:15,2,Transfer
2597,1683,6/23/2024,12:15:28,7,Card
2598,1768,1/17/2024,9:38:14,10,Transfer
2599,1613,9/28/2024,17:33:37,1,Card
2600,9362,10/3/2024,16:52:20,3,Transfer
2601,5658,3/25/2024,9:03:00,6,Transfer
2602,6136,4/11/2024,19:05:02,8,Card
2603,8501,9/24/2024,14:21:25,4,Card
2604,3895,11/5/2024,13:35:04,10,Card
2605,9045,8/16/2024,12:45:26,1,Transfer
2606,2554,11/23/2024,18:22:43,5,Card
2607,1196,2/18/2024,20:32:57,7,Transfer
2608,4581,12/24/2024,10:00:45,8,Cash
2609,4100,3/8/2024,8:13:57,3,Card
2610,2324,12/22/2024,13:45:10,1,Card
2611,2779,8/5/2024,18:18:00,5,Cash
2612,5240,7/31/2024,10:32:36,1,Transfer
2613,7242,10/17/2024,12:20:59,9,Transfer
2614,6854,2/7/2024,18:07:49,5,Transfer
2615,2055,10/4/2024,8:42:34,7,Card
2616,6803,11/24/2024,20:06:19,10,Cash
2617,9877,2/14/2024,8:47:59,2,Cash
2618,3238,3/5/2024,17:13:15,7,Cash
2619,2145,1/20/2024,11:33:30,6,Card
2620,7078,7/2/2024,19:27:11,10,Card
2621,4057,6/25/2024,17:05:10,8,Transfer
2622,6222,9/30/2024,9:04:34,8,Transfer
2623,3371,8/15/2024,9:28:22,2,Transfer
2624,7861,4/2/2024,12:42:23,3,Transfer
2625,5746,5/18/2024,11:05:18,3,Transfer
2626,9015,6/21/2024,11:40:09,2,Card
2627,9084,11/26/2024,11:55:15,9,Transfer
2628,9660,4/26/2024,20:14:30,1,Transfer
2629,3426,2/14/2024,15:52:10,3,Card
2630,9819,3/8/2024,16:16:51,3,Cash
2631,4101,3/27/2024,16:11:53,2,Card
2632,4266,5/31/2024,17:15:25,9,Transfer
2633,3325,8/31/2024,9:44:45,3,Cash
2634,4170,1/4/2024,12:30:06,4,Cash
2635,8009,6/23/2024,10:28:25,3,Cash
2636,1467,9/27/2024,11:45:04,7,Transfer
2637,1507,6/3/2024,10:59:30,9,Cash
2638,3872,5/4/2024,15:30:07,8,Cash
2639,9336,1/8/2024,20:06:25,9,Transfer
2640,9701,1/24/2024,15:09:05,4,Card
2641,9038,9/10/2024,8:30:16,7,Card
2642,2414,8/17/2024,20:09:33,8,Transfer
2643,7382,11/18/2024,9:48:14,4,Cash
2644,5456,11/21/2024,15:47:26,5,Transfer
2645,5522,10/21/2024,8:34:40,2,Cash
2646,7798,1/9/2024,17:14:22,5,Card
2647,5233,5/4/2024,16:40:49,8,Cash
2648,6618,7/15/2024,20:41:37,7,Card
2649,1243,9/6/2024,12:42:02,9,Card
2650,5936,8/15/2024,17:25:44,4,Transfer
2651,7435,6/24/2024,11:39:05,9,Cash
2652,7928,12/11/2024,18:17:25,8,Transfer
2653,1722,6/10/2024,18:09:36,10,Card
2654,2078,2/22/2024,18:08:42,9,Transfer
2655,6229,11/27/2024,13:30:14,6,Card
2656,4851,8/18/2024,8:45:10,6,Cash
2657,2583,1/12/2024,8:05:32,5,Transfer
2658,8387,12/10/2024,10:42:11,4,Transfer
2659,2666,2/8/2024,12:07:02,7,Card
2660,5352,8/18/2024,8:21:00,10,Cash
2661,8453,12/3/2024,10:34:03,3,Cash
2662,9809,11/18/2024,15:42:26,9,Card
2663,3610,11/22/2024,19:01:42,2,Card
2664,2084,6/19/2024,19:38:23,9,Cash
2665,9846,12/29/2024,16:52:27,6,Card
2666,6365,11/7/2024,15:14:10,2,Transfer
2667,1469,10/26/2024,17:06:09,2,Cash
2668,4260,7/6/2024,18:43:40,10,Card
2669,5163,3/29/2024,16:50:44,6,Cash
2670,6818,10/8/2024,13:45:37,3,Transfer
2671,2462,1/5/2024,17:41:23,9,Cash
2672,9236,5/28/2024,17:44:56,10,Cash
2673,1029,11/28/2024,10:08:28,7,Card
2674,8344,3/17/2024,15:56:28,7,Transfer
2675,2826,7/5/2024,20:12:30,3,Card
2676,9262,2/1/2024,13:34:04,4,Cash
2677,7830,12/4/2024,16:15:32,9,Card
2678,6360,9/30/2024,8:57:48,3,Card
2679,2657,5/5/2024,20:06:10,3,Transfer
2680,2508,12/6/2024,12:21:12,10,Cash
2681,4185,4/11/2024,9:04:56,4,Cash
2682,9857,7/16/2024,13:50:37,4,Transfer
2683,3085,5/6/2024,9:54:35,5,Cash
2684,8727,8/26/2024,18:28:08,2,Cash
2685,4339,9/27/2024,12:32:02,10,Cash
2686,9130,12/22/2024,13:50:47,3,Card
2687,1633,12/7/2024,20:04:24,2,Cash
2688,6281,3/28/2024,20:02:40,6,Cash
2689,9365,4/5/2024,9:28:41,6,Card
2690,9762,2/5/2024,19:55:49,6,Card
2691,3954,9/2/2024,20:39:37,7,Card
2692,1728,3/15/2024,9:56:52,8,Cash
2693,1740,10/17/2024,20:58:39,8,Cash
2694,8916,5/27/2024,17:09:15,7,Transfer
2695,8185,10/1/2024,17:55:33,8,Card
2696,2171,12/24/2024,15:38:59,10,Transfer
2697,5962,10/1/2024,10:14:27,10,Card
2698,9230,9/12/2024,16:05:19,7,Transfer
2699,7241,4/28/2024,20:08:49,9,Transfer
2700,2325,1/1/2024,20:43:03,8,Transfer
2701,6233,4/22/2024,8:37:39,9,Transfer
2702,8730,2/2/2024,12:57:49,2,Cash
2703,3522,4/15/2024,16:44:23,6,Cash
2704,3177,2/2/2024,12:44:02,2,Transfer
2705,9581,2/18/2024,14:09:21,6,Card
2706,2524,11/10/2024,8:59:14,9,Transfer
2707,3216,3/11/2024,18:45:17,5,Cash
2708,7880,10/24/2024,18:04:56,9,Cash
2709,7654,9/7/2024,13:25:08,9,Card
2710,1053,11/24/2024,9:20:39,2,Card
2711,7364,8/5/2024,20:18:37,7,Cash
2712,2433,10/16/2024,14:53:24,8,Transfer
2713,1242,1/12/2024,12:43:46,1,Cash
2714,9074,10/8/2024,17:46:34,5,Cash
2715,1551,1/21/2024,9:31:22,6,Transfer
2716,9308,3/31/2024,11:21:39,7,Card
2717,5390,2/7/2024,18:26:43,8,Card
2718,1977,4/26/2024,14:15:44,3,Card
2719,9612,11/19/2024,8:05:25,4,Cash
2720,4058,3/1/2024,17:36:28,2,Transfer
2721,9218,9/14/2024,14:16:40,9,Card
2722,8050,10/2/2024,12:08:29,1,Card
2723,3987,10/10/2024,19:45:50,7,Transfer
2724,6439,2/4/2024,20:35:18,6,Cash
2725,8332,2/4/2024,8:48:27,7,Cash
2726,2349,8/31/2024,20:32:33,10,Card
2727,2530,5/7/2024,20:54:42,3,Transfer
2728,2885,9/28/2024,13:33:23,7,Card
2729,5178,11/5/2024,16:44:44,1,Card
2730,3671,8/4/2024,11:20:45,5,Transfer
2731,2936,6/5/2024,9:30:51,7,Transfer
2732,8211,3/1/2024,17:26:03,7,Card
2733,5376,4/20/2024,12:11:20,4,Transfer
2734,3653,7/12/2024,15:44:25,5,Card
2735,9473,5/7/2024,12:01:43,3,Transfer
2736,8932,1/24/2024,13:52:39,1,Transfer
2737,2359,3/4/2024,18:22:56,1,Cash
2738,5853,4/27/2024,13:38:34,3,Cash
2739,9548,2/24/2024,15:20:18,10,Card
2740,1946,3/28/2024,9:30:18,2,Cash
2741,9512,10/19/2024,16:44:10,3,Card
2742,5553,2/6/2024,19:41:24,8,Transfer
2743,5749,5/14/2024,8:02:06,7,Cash
2744,4157,9/5/2024,8:36:19,9,Transfer
2745,7099,1/7/2024,19:26:07,9,Card
2746,4872,11/27/2024,18:12:53,1,Cash
2747,1701,8/13/2024,10:26:46,9,Cash
2748,7017,4/30/2024,19:42:57,10,Transfer
2749,1718,11/2/2024,17:24:56,5,Card
2750,9387,9/13/2024,18:08:10,10,Transfer
2751,4548,12/22/2024,10:55:07,3,Transfer
2752,6755,5/12/2024,17:47:30,9,Card
2753,2367,4/1/2024,9:58:06,3,Transfer
2754,8102,9/13/2024,11:23:03,10,Transfer
2755,1562,8/19/2024,15:13:34,6,Cash
2756,2539,7/13/2024,18:57:42,9,Cash
2757,6387,12/25/2024,15:07:19,1,Cash
2758,1199,7/27/2024,13:11:33,1,Cash
2759,7126,5/22/2024,13:48:20,3,Card
2760,3982,5/15/2024,15:48:33,10,Card
2761,4786,7/29/2024,13:10:50,8,Transfer
2762,1941,10/8/2024,14:28:57,9,Cash
2763,1843,5/9/2024,13:33:18,6,Transfer
2764,4596,4/9/2024,9:10:29,9,Cash
2765,2912,6/17/2024,15:32:27,8,Transfer
2766,1988,12/17/2024,8:01:10,4,Transfer
2767,4889,10/9/2024,14:38:54,1,Cash
2768,2308,3/30/2024,20:55:29,4,Transfer
2769,9724,4/17/2024,10:46:48,1,Card
2770,5792,3/29/2024,13:17:56,4,Transfer
2771,2574,9/12/2024,20:46:56,10,Cash
2772,6019,10/19/2024,19:48:00,3,Card
2773,9733,2/15/2024,17:23:01,6,Transfer
2774,8433,3/11/2024,11:11:05,7,Transfer
2775,1869,7/9/2024,14:42:45,10,Cash
2776,9625,4/17/2024,16:32:14,1,Card
2777,8114,4/15/2024,14:40:54,5,Transfer
2778,5251,2/6/2024,16:51:17,5,Card
2779,5154,11/1/2024,15:43:34,6,Transfer
2780,2013,11/1/2024,17:11:03,3,Card
2781,8854,12/16/2024,13:11:54,6,Card
2782,5694,12/23/2024,18:33:45,9,Transfer
2783,2471,4/3/2024,8:35:10,5,Card
2784,6140,4/29/2024,8:28:34,9,Cash
2785,3715,9/18/2024,10:29:55,8,Transfer
2786,6653,4/11/2024,14:31:53,2,Card
2787,4387,4/4/2024,14:37:54,8,Cash
2788,7034,1/11/2024,13:53:02,2,Card
2789,6262,12/3/2024,13:05:43,9,Transfer
2790,5486,5/20/2024,9:19:03,8,Cash
2791,2770,4/21/2024,10:34:45,7,Card
2792,3641,7/29/2024,8:27:00,8,Card
2793,9009,11/19/2024,13:26:37,6,Card
2794,7697,12/25/2024,20:22:33,7,Card
2795,9402,6/14/2024,12:05:12,9,Cash
2796,1616,6/16/2024,20:19:38,7,Card
2797,9847,11/21/2024,9:32:44,9,Cash
2798,7510,7/21/2024,12:17:51,6,Card
2799,8202,10/10/2024,8:36:30,1,Transfer
2800,8367,10/6/2024,12:54:27,7,Card
2801,5275,3/14/2024,10:37:09,6,Cash
2802,8701,4/3/2024,15:05:03,8,Transfer
2803,5747,11/4/2024,20:34:08,2,Transfer
2804,4831,2/16/2024,20:47:04,1,Cash
2805,1480,8/16/2024,10:00:36,8,Card
2806,6491,11/16/2024,11:32:26,6,Card
2807,3303,3/4/2024,15:04:01,1,Card
2808,9119,10/1/2024,17:14:30,5,Card
2809,8668,3/30/2024,20:23:04,2,Transfer
2810,5718,11/22/2024,18:13:07,7,Cash
2811,8849,1/19/2024,20:37:32,6,Cash
2812,7086,12/20/2024,18:53:37,1,Transfer
2813,7256,2/2/2024,19:24:34,8,Cash
2814,8355,12/4/2024,20:27:34,9,Cash
2815,1194,3/28/2024,19:52:31,7,Cash
2816,6550,4/13/2024,13:41:18,10,Cash
2817,4406,1/26/2024,10:18:04,3,Transfer
2818,8656,4/21/2024,18:51:31,3,Transfer
2819,7918,1/24/2024,12:08:04,7,Cash
2820,2427,3/3/2024,15:07:28,6,Card
2821,3132,10/13/2024,14:53:12,9,Cash
2822,2799,4/22/2024,13:10:05,3,Cash
2823,7692,5/31/2024,15:44:41,8,Card
2824,2323,4/9/2024,10:54:55,6,Transfer
2825,2110,6/21/2024,12:49:42,9,Cash
2826,8321,1/2/2024,16:42:18,6,Cash
2827,8869,12/2/2024,8:38:43,5,Cash
2828,7468,6/4/2024,20:08:57,10,Transfer
2829,6973,1/16/2024,19:51:52,5,Cash
2830,2030,11/1/2024,13:32:26,3,Transfer
2831,4219,8/24/2024,14:01:07,9,Transfer
2832,2296,5/8/2024,17:26:22,10,Card
2833,3725,4/16/2024,19:46:46,9,Transfer
2834,8007,6/23/2024,13:12:54,7,Card
2835,8557,10/31/2024,17:45:55,9,Cash
2836,7433,8/12/2024,16:27:39,4,Card
2837,2829,3/6/2024,13:40:41,10,Transfer
2838,8828,11/28/2024,17:17:22,9,Transfer
2839,2191,1/25/2024,11:02:31,3,Transfer
2840,6738,5/28/2024,14:19:34,4,Card
2841,9850,9/20/2024,10:57:50,2,Transfer
2842,1653,10/14/2024,17:50:25,6,Card
2843,5436,11/17/2024,14:30:47,4,Transfer
2844,7135,10/9/2024,13:29:04,10,Transfer
2845,8386,12/23/2024,12:00:31,2,Cash
2846,2601,9/17/2024,9:37:35,10,Card
2847,3244,1/30/2024,19:38:58,5,Card
2848,1136,2/2/2024,11:18:51,9,Transfer
2849,8315,3/11/2024,15:53:16,6,Card
2850,9574,4/19/2024,8:58:59,4,Cash
2851,1229,8/17/2024,12:23:00,9,Card
2852,3990,4/1/2024,10:54:22,9,Card
2853,5611,8/22/2024,15:13:28,4,Cash
2854,6221,1/9/2024,18:24:16,7,Transfer
2855,3916,12/1/2024,11:52:33,10,Transfer
2856,9394,1/11/2024,14:15:19,9,Transfer
2857,5501,12/12/2024,19:47:09,6,Transfer
2858,6901,11/24/2024,11:43:05,1,Transfer
2859,9974,12/10/2024,10:47:29,4,Card
2860,2000,9/10/2024,10:40:10,1,Card
2861,6584,8/27/2024,12:12:28,8,Cash
2862,7996,5/1/2024,15:32:59,6,Cash
2863,6848,1/18/2024,19:43:36,7,Card
2864,3301,11/15/2024,16:17:03,9,Card
2865,1099,10/18/2024,11:24:10,8,Cash
2866,2691,9/14/2024,13:06:37,5,Card
2867,1675,12/19/2024,17:53:31,7,Cash
2868,4471,1/23/2024,18:32:19,8,Cash
2869,3346,3/8/2024,14:57:54,6,Transfer
2870,6916,4/16/2024,15:18:07,9,Cash
2871,7783,11/30/2024,20:19:40,1,Cash
2872,5712,8/7/2024,19:36:03,9,Card
2873,1082,7/23/2024,10:49:16,1,Card
2874,1252,4/22/2024,9:46:23,2,Transfer
2875,2120,2/29/2024,10:25:04,9,Transfer
2876,4784,4/13/2024,10:41:41,5,Cash
2877,3020,9/18/2024,14:28:36,4,Transfer
2878,1554,1/1/2024,9:03:40,3,Transfer
2879,1102,2/26/2024,11:31:55,1,Transfer
2880,1569,5/14/2024,9:07:38,4,Transfer
2881,5443,8/30/2024,17:37:42,2,Cash
2882,8580,4/24/2024,20:27:57,3,Card
2883,9182,3/9/2024,12:56:46,5,Cash
2884,8407,10/13/2024,20:50:11,7,Card
2885,1076,10/15/2024,14:37:45,9,Transfer
2886,8621,9/27/2024,15:12:48,5,Card
2887,8858,6/8/2024,9:08:00,1,Cash
2888,7763,7/21/2024,14:14:34,10,Transfer
2889,8426,6/18/2024,20:51:51,2,Transfer
2890,8634,12/20/2024,19:46:45,1,Cash
2891,2844,8/3/2024,16:06:41,5,Card
2892,5289,1/6/2024,19:03:31,6,Cash
2893,2656,10/22/2024,11:26:47,4,Cash
2894,2303,8/20/2024,16:17:16,5,Card
2895,5388,8/18/2024,15:35:26,10,Card
2896,1938,7/11/2024,12:01:41,9,Cash
2897,5997,11/12/2024,14:04:56,9,Card
2898,6527,3/30/2024,9:40:14,3,Cash
2899,2314,8/30/2024,12:45:39,1,Transfer
2900,2386,4/29/2024,17:20:10,9,Cash
2901,5230,5/15/2024,18:12:42,9,Cash
2902,7012,9/9/2024,14:50:40,10,Transfer
2903,1677,12/8/2024,18:02:16,9,Cash
2904,2945,4/2/2024,20:08:15,9,Transfer
2905,6637,6/27/2024,8:33:25,8,Cash
2906,2472,5/24/2024,15:15:02,3,Transfer
2907,4196,5/9/2024,11:59:19,2,Transfer
2908,4280,12/22/2024,15:00:12,4,Transfer
2909,7911,9/14/2024,19:20:40,5,Transfer
2910,2723,12/25/2024,17:13:03,9,Cash
2911,6441,7/9/2024,13:32:44,4,Card
2912,5077,6/21/2024,17:09:16,8,Transfer
2913,1978,3/12/2024,17:53:40,2,Card
2914,1262,10/10/2024,19:29:01,1,Card
2915,2903,1/8/2024,14:37:16,2,Transfer
2916,2067,8/5/2024,16:03:25,5,Cash
2917,3479,7/17/2024,18:00:13,10,Cash
2918,2364,4/11/2024,20:02:05,6,Card
2919,3384,7/23/2024,10:36:29,2,Card
2920,1632,2/24/2024,14:03:01,6,Card
2921,2795,1/2/2024,11:09:12,7,Transfer
2922,4249,3/4/2024,19:04:15,10,Transfer
2923,8574,5/27/2024,16:48:06,3,Card
2924,9073,5/9/2024,9:25:20,5,Cash
2925,6642,2/20/2024,20:08:42,3,Cash
2926,5606,12/13/2024,11:11:26,4,Cash
2927,1731,12/3/2024,19:13:47,8,Card
2928,2254,9/20/2024,20:10:43,4,Card
2929,3881,2/28/2024,18:13:57,5,Transfer
2930,4842,11/28/2024,20:58:39,9,Cash
2931,3519,2/15/2024,20:28:14,8,Transfer
2932,8829,11/29/2024,11:21:11,8,Cash
2933,3224,2/6/2024,18:50:43,7,Transfer
2934,5909,6/3/2024,15:35:02,1,Transfer
2935,8401,5/19/2024,11:52:16,4,Card
2936,2918,9/20/2024,14:42:38,6,Cash
2937,7174,2/14/2024,8:33:45,6,Card
2938,6994,10/23/2024,8:38:51,5,Cash
2939,7857,3/10/2024,9:50:41,6,Cash
2940,7897,5/7/2024,20:34:36,10,Cash
2941,4538,6/25/2024,15:56:01,1,Transfer
2942,5931,12/25/2024,11:24:38,8,Cash
2943,6580,7/11/2024,9:51:45,4,Cash
2944,1370,7/19/2024,15:28:00,2,Card
2945,9780,3/10/2024,8:46:13,2,Card
2946,9810,6/9/2024,12:18:55,6,Cash
2947,8432,8/1/2024,9:11:07,10,Card
2948,5338,12/26/2024,16:38:51,3,Cash
2949,8017,6/13/2024,15:55:55,6,Transfer
2950,9277,1/19/2024,16:51:39,10,Cash
2951,6264,3/16/2024,18:10:31,10,Cash
2952,6379,5/7/2024,8:52:14,4,Card
2953,6358,12/4/2024,16:45:53,3,Card
2954,1859,4/6/2024,9:57:42,8,Transfer
2955,1926,5/22/2024,18:40:18,8,Cash
2956,3732,4/20/2024,10:11:16,2,Card
2957,1707,3/19/2024,18:20:47,2,Transfer
2958,7693,8/29/2024,13:58:37,7,Cash
2959,5968,1/20/2024,13:54:58,1,Transfer
2960,9867,7/25/2024,8:41:38,7,Card
2961,8414,12/28/2024,14:59:50,7,Transfer
2962,4952,5/5/2024,12:37:32,4,Cash
2963,8220,3/1/2024,9:50:29,5,Cash
2964,1771,7/10/2024,18:01:16,3,Transfer
2965,5280,8/11/2024,15:35:15,4,Cash
2966,2933,6/30/2024,8:57:54,2,Card
2967,4728,3/6/2024,16:43:54,1,Cash
2968,4215,6/30/2024,16:15:20,4,Cash
2969,4950,3/29/2024,11:21:20,6,Cash
2970,2661,11/14/2024,8:49:44,4,Cash
2971,7641,11/9/2024,8:25:23,2,Transfer
2972,8217,5/15/2024,17:07:12,6,Transfer
2973,1530,1/21/2024,13:22:01,3,Cash
2974,1095,4/15/2024,8:16:02,9,Cash
2975,2797,4/27/2024,18:01:42,8,Cash
2976,1272,6/19/2024,8:12:58,6,Cash
2977,1380,3/9/2024,17:24:58,8,Transfer
2978,8240,12/25/2024,10:19:26,9,Card
2979,2224,2/20/2024,8:57:13,4,Transfer
2980,7088,8/11/2024,17:50:49,3,Card
2981,5627,12/29/2024,20:36:42,7,Card
2982,6191,4/23/2024,8:47:45,2,Card
2983,8588,1/2/2024,13:24:04,8,Cash
2984,6748,7/26/2024,20:53:06,8,Transfer
2985,4354,5/1/2024,12:54:54,8,Cash
2986,6041,9/17/2024,20:43:36,5,Card
2987,1822,9/26/2024,20:30:53,2,Card
2988,9744,5/10/2024,11:27:56,6,Transfer
2989,8827,6/2/2024,10:07:10,1,Transfer
2990,4604,11/15/2024,13:21:56,3,Cash
2991,2505,6/3/2024,16:41:34,8,Transfer
2992,3081,11/18/2024,11:10:35,5,Transfer
2993,3643,2/8/2024,11:48:26,9,Transfer
2994,3891,10/13/2024,18:58:30,9,Cash
2995,3902,4/16/2024,8:51:36,4,Cash
2996,8131,2/22/2024,20:01:41,7,Cash
2997,4966,9/27/2024,18:31:34,2,Card
2998,8130,8/13/2024,12:18:37,8,Cash
2999,1971,2/27/2024,11:54:58,3,Transfer
3000,3823,7/4/2024,9:29:29,3,Cash
3001,5899,3/25/2024,20:58:56,10,Cash
3002,2716,11/2/2024,18:03:11,4,Cash
3003,6821,3/30/2024,8:06:49,10,Transfer
3004,2852,1/24/2024,17:16:46,5,Cash
3005,2043,6/9/2024,9:34:26,10,Transfer
3006,4391,8/10/2024,9:17:58,2,Transfer
3007,5698,4/13/2024,19:47:47,10,Cash
3008,2585,2/27/2024,8:00:48,5,Cash
3009,1981,7/14/2024,20:42:02,1,Card
3010,4792,12/9/2024,15:05:35,7,Card
3011,7267,12/27/2024,18:46:54,10,Transfer
3012,1392,12/29/2024,12:15:56,4,Cash
3013,1567,7/17/2024,14:32:15,3,Card
3014,4753,7/12/2024,20:15:47,8,Card
3015,4002,2/29/2024,19:05:12,9,Card
3016,6766,2/14/2024,20:32:43,8,Cash
3017,5893,6/8/2024,11:24:38,4,Cash
3018,7418,8/6/2024,20:28:23,6,Card
3019,4933,12/26/2024,15:28:26,1,Cash
3020,4262,12/26/2024,8:32:34,8,Transfer
3021,9108,8/25/2024,19:05:56,1,Card
3022,3495,6/3/2024,20:43:13,9,Card
3023,3017,7/18/2024,20:15:37,3,Card
3024,6850,12/9/2024,20:18:32,6,Card
3025,2777,12/3/2024,11:59:28,1,Card
3026,8681,3/26/2024,20:30:22,7,Cash
3027,3511,6/15/2024,18:10:06,5,Cash
3028,8507,10/27/2024,17:52:43,4,Transfer
3029,6771,5/2/2024,15:11:13,9,Card
3030,3490,6/27/2024,13:21:25,1,Card
3031,7731,11/15/2024,19:49:20,10,Card
3032,6558,7/8/2024,18:32:04,6,Card
3033,5932,5/5/2024,17:23:04,5,Card
3034,3995,8/12/2024,11:31:55,10,Cash
3035,7065,8/13/2024,20:51:09,2,Cash
3036,5311,11/4/2024,8:35:20,4,Cash
3037,2022,5/8/2024,18:59:41,6,Card
3038,3076,4/22/2024,20:31:39,6,Transfer
3039,7967,5/15/2024,9:58:29,8,Card
3040,6914,11/29/2024,16:59:02,3,Card
3041,5685,5/21/2024,8:29:36,3,Cash
3042,9806,5/2/2024,13:49:35,9,Card
3043,6144,4/19/2024,13:58:06,5,Cash
3044,7308,12/4/2024,20:39:22,2,Card
3045,4838,5/13/2024,9:23:20,3,Card
3046,7877,11/23/2024,14:57:05,3,Cash
3047,5513,8/16/2024,14:33:31,8,Cash
3048,9253,8/10/2024,8:07:24,3,Card
3049,1972,12/10/2024,20:08:44,5,Transfer
3050,3890,11/4/2024,15:23:41,10,Card
3051,7066,10/29/2024,17:18:41,1,Transfer
3052,7116,3/7/2024,12:21:42,7,Card
3053,4820,2/5/2024,12:21:32,2,Cash
3054,3570,9/22/2024,9:48:54,3,Transfer
3055,6483,12/25/2024,15:39:23,9,Card
3056,4841,3/26/2024,16:47:06,5,Transfer
3057,2728,7/29/2024,14:29:11,3,Transfer
3058,3106,4/25/2024,11:40:32,8,Card
3059,4127,10/16/2024,15:03:06,6,Transfer
3060,3733,6/5/2024,19:14:29,6,Transfer
3061,1580,8/27/2024,13:56:24,7,Card
3062,3104,9/22/2024,11:00:40,4,Card
3063,6857,10/23/2024,14:19:48,10,Card
3064,4218,12/12/2024,17:03:29,9,Card
3065,8065,8/3/2024,8:30:22,9,Card
3066,4053,11/2/2024,11:41:09,10,Cash
3067,4156,11/1/2024,11:42:32,2,Cash
3068,1581,3/30/2024,9:38:20,9,Card
3069,6671,7/23/2024,13:01:58,4,Card
3070,2750,10/24/2024,14:29:09,3,Transfer
3071,5875,5/24/2024,9:24:25,5,Card
3072,7992,8/16/2024,15:16:02,8,Card
3073,3844,8/18/2024,11:03:49,6,Transfer
3074,5054,10/29/2024,8:53:15,7,Cash
3075,6547,3/20/2024,13:21:42,4,Card
3076,5777,3/15/2024,12:12:20,3,Cash
3077,8764,12/20/2024,10:10:46,9,Card
3078,2026,3/13/2024,9:13:09,10,Card
3079,8020,4/10/2024,12:32:38,2,Transfer
3080,7129,4/12/2024,14:56:22,7,Card
3081,2316,10/28/2024,16:13:15,3,Transfer
3082,7396,11/19/2024,17:18:15,2,Cash
3083,9303,12/30/2024,20:41:16,6,Cash
3084,8271,3/25/2024,10:10:09,2,Transfer
3085,8259,5/22/2024,13:28:48,2,Card
3086,4903,2/21/2024,11:45:05,10,Transfer
3087,9610,8/27/2024,9:35:03,5,Card
3088,4465,4/17/2024,11:39:10,2,Card
3089,3388,9/13/2024,12:26:08,4,Transfer
3090,2615,7/8/2024,14:07:22,7,Cash
3091,4472,5/1/2024,19:45:49,6,Cash
3092,3912,3/5/2024,15:30:49,4,Transfer
3093,5357,4/8/2024,14:22:22,7,Transfer
3094,4534,9/12/2024,18:10:37,8,Transfer
3095,1719,3/25/2024,10:00:32,1,Cash
3096,9269,10/2/2024,20:12:58,3,Cash
3097,8309,1/30/2024,11:20:49,5,Card
3098,4006,8/15/2024,11:55:33,6,Cash
3099,5358,1/9/2024,15:35:38,1,Cash
3100,2144,4/30/2024,16:59:24,4,Card
3101,9905,9/19/2024,11:25:19,1,Transfer
3102,5980,5/24/2024,13:53:59,5,Card
3103,7351,10/5/2024,9:03:02,8,Card
3104,2695,8/15/2024,20:44:22,5,Cash
3105,1390,2/3/2024,10:51:28,6,Card
3106,8521,2/4/2024,9:22:28,1,Cash
3107,6947,8/12/2024,16:52:09,4,Transfer
3108,4291,12/20/2024,14:25:45,9,Transfer
3109,7709,1/11/2024,10:28:32,1,Cash
3110,1261,2/9/2024,13:52:09,1,Card
3111,4190,12/1/2024,9:26:21,3,Cash
3112,5171,8/17/2024,15:27:29,4,Card
3113,2450,4/25/2024,9:00:58,8,Transfer
3114,1116,9/5/2024,14:27:44,5,Card
3115,7722,6/20/2024,13:04:05,3,Cash
3116,8192,1/14/2024,14:09:59,3,Card
3117,9206,10/6/2024,18:55:35,5,Transfer
3118,1531,10/30/2024,12:26:04,1,Cash
3119,5017,6/8/2024,11:59:02,8,Card
3120,2271,5/27/2024,8:52:50,8,Cash
3121,6038,5/21/2024,13:56:12,5,Card
3122,1139,7/9/2024,9:39:32,2,Cash
3123,6750,5/1/2024,9:45:13,1,Transfer
3124,3405,7/11/2024,14:04:26,5,Card
3125,5756,9/18/2024,15:33:32,8,Card
3126,7951,3/5/2024,16:43:52,5,Cash
3127,5150,6/22/2024,17:51:07,5,Transfer
3128,8231,5/4/2024,14:10:12,7,Cash
3129,3333,3/8/2024,15:54:59,5,Card
3130,2010,3/16/2024,9:54:30,1,Card
3131,4469,1/16/2024,15:26:52,8,Transfer
3132,5382,2/16/2024,11:19:49,10,Card
3133,2851,7/13/2024,19:15:40,1,Card
3134,3045,10/29/2024,20:06:48,9,Transfer
3135,1091,1/2/2024,16:17:49,1,Transfer
3136,4607,7/11/2024,16:25:44,9,Card
3137,3867,4/9/2024,15:59:59,6,Cash
3138,4776,9/27/2024,17:15:52,6,Transfer
3139,2096,3/26/2024,13:26:23,3,Transfer
3140,2289,12/16/2024,9:28:28,2,Transfer
3141,6051,3/9/2024,20:27:35,6,Cash
3142,6681,6/10/2024,12:48:45,8,Cash
3143,8362,6/6/2024,16:07:01,8,Cash
3144,7728,7/19/2024,13:06:58,4,Transfer
3145,8924,4/22/2024,8:48:15,5,Transfer
3146,7121,6/29/2024,14:06:40,5,Card
3147,3612,6/28/2024,12:08:42,4,Transfer
3148,7785,4/28/2024,18:13:18,1,Cash
3149,8057,2/26/2024,11:20:46,9,Transfer
3150,6337,12/14/2024,12:09:46,6,Card
3151,7730,4/7/2024,11:28:20,1,Cash
3152,7580,11/16/2024,12:18:29,6,Card
3153,9856,9/25/2024,13:03:03,9,Card
3154,4487,7/21/2024,9:00:51,9,Cash
3155,4968,8/18/2024,20:08:49,1,Transfer
3156,7848,5/5/2024,13:59:16,7,Card
3157,2746,5/5/2024,9:11:26,2,Transfer
3158,9254,12/24/2024,14:04:50,2,Transfer
3159,1851,2/7/2024,11:33:16,9,Transfer
3160,2444,12/28/2024,10:49:06,8,Transfer
3161,2310,4/20/2024,10:14:25,10,Card
3162,9727,1/18/2024,19:07:33,7,Card
3163,9128,7/30/2024,14:33:17,4,Transfer
3164,4984,7/20/2024,11:50:29,3,Card
3165,2028,7/8/2024,10:08:51,3,Card
3166,3860,10/13/2024,15:36:57,6,Transfer
3167,9220,3/22/2024,16:04:09,3,Card
3168,3623,12/4/2024,17:42:29,1,Transfer
3169,5977,5/31/2024,9:22:42,5,Transfer
3170,3683,9/7/2024,11:44:17,7,Card
3171,3290,12/8/2024,10:25:00,4,Card
3172,5507,6/24/2024,12:44:39,4,Cash
3173,1048,11/21/2024,10:31:32,7,Card
3174,6716,12/18/2024,18:29:29,7,Card
3175,7461,10/10/2024,18:08:12,3,Transfer
3176,4568,10/21/2024,20:23:11,10,Card
3177,5547,4/4/2024,9:05:17,2,Card
3178,8193,3/22/2024,10:51:54,6,Card
3179,9346,10/15/2024,19:35:25,4,Cash
3180,9344,5/3/2024,20:19:15,4,Cash
3181,3607,8/19/2024,16:52:48,10,Cash
3182,6887,9/29/2024,18:40:03,3,Cash
3183,9641,9/20/2024,13:37:56,1,Transfer
3184,6634,2/20/2024,14:48:21,4,Transfer
3185,5481,9/28/2024,8:37:31,9,Card
3186,8272,4/30/2024,14:30:34,3,Transfer
3187,2214,5/16/2024,11:33:50,1,Cash
3188,2589,12/30/2024,9:30:09,7,Cash
3189,2255,9/12/2024,17:55:28,10,Card
3190,8388,10/17/2024,15:28:55,2,Transfer
3191,3258,11/18/2024,18:27:09,2,Transfer
3192,3544,4/25/2024,20:42:55,9,Transfer
3193,4678,1/12/2024,9:06:47,7,Card
3194,3793,11/3/2024,11:09:39,7,Transfer
3195,3063,8/18/2024,13:13:06,5,Cash
3196,7380,7/31/2024,11:00:17,6,Card
3197,7342,12/23/2024,13:46:02,7,Cash
3198,7587,11/16/2024,8:54:52,9,Transfer
3199,5424,4/26/2024,20:27:54,8,Cash
3200,5891,3/25/2024,14:22:07,2,Card
3201,1654,11/20/2024,18:33:35,7,Cash
3202,7184,10/30/2024,19:19:16,6,Card
3203,6597,7/24/2024,9:35:39,4,Card
3204,4787,1/28/2024,15:56:42,7,Cash
3205,9835,1/6/2024,18:34:39,8,Card
3206,4622,8/8/2024,19:31:25,10,Card
3207,6105,5/22/2024,16:31:47,6,Cash
3208,9994,3/22/2024,12:38:10,6,Cash
3209,5926,7/29/2024,11:52:23,1,Cash
3210,8744,11/2/2024,19:24:26,7,Card
3211,6650,1/9/2024,10:55:09,9,Cash
3212,1163,4/27/2024,20:16:22,5,Card
3213,3845,2/4/2024,14:03:05,3,Transfer
3214,9242,4/21/2024,11:16:51,6,Transfer
3215,3507,6/28/2024,17:35:25,7,Cash
3216,3687,1/8/2024,15:07:27,9,Cash
3217,7233,8/23/2024,14:58:27,2,Transfer
3218,9505,3/19/2024,12:58:01,10,Card
3219,6723,2/2/2024,11:55:18,10,Card
3220,5294,12/19/2024,8:10:21,6,Card
3221,8033,2/14/2024,19:56:43,1,Cash
3222,2242,3/31/2024,20:21:37,4,Card
3223,3269,10/18/2024,11:21:20,10,Transfer
3224,4095,1/15/2024,14:15:54,6,Card
3225,7386,3/16/2024,9:12:03,3,Transfer
3226,2126,1/6/2024,16:57:04,2,Cash
3227,6393,3/24/2024,9:12:04,8,Card
3228,4452,10/27/2024,14:58:08,6,Cash
3229,6712,9/15/2024,15:42:39,9,Cash
3230,3997,8/13/2024,9:14:19,8,Cash
3231,2719,3/10/2024,20:36:43,10,Card
3232,9053,8/31/2024,13:13:04,9,Card
3233,8666,2/5/2024,20:01:59,4,Cash
3234,1499,6/14/2024,18:31:59,5,Cash
3235,9897,3/11/2024,11:47:10,9,Card
3236,6659,6/30/2024,15:19:33,5,Transfer
3237,3001,2/15/2024,17:14:11,2,Cash
3238,2197,2/18/2024,12:56:43,1,Cash
3239,2292,6/25/2024,12:59:47,3,Card
3240,9117,2/18/2024,19:42:48,5,Card
3241,6694,8/3/2024,11:50:07,8,Card
3242,6188,2/25/2024,19:45:11,6,Cash
3243,5112,8/1/2024,18:27:00,9,Card
3244,4813,10/30/2024,12:34:44,6,Card
3245,8640,8/25/2024,20:38:26,8,Card
3246,3955,8/21/2024,15:05:46,4,Cash
3247,9661,7/30/2024,17:49:45,5,Transfer
3248,1072,10/13/2024,17:10:43,7,Card
3249,5319,6/15/2024,11:20:54,9,Transfer
3250,2021,2/29/2024,20:13:15,8,Transfer
3251,2347,8/25/2024,17:08:08,9,Cash
3252,4796,6/8/2024,16:09:01,7,Card
3253,2132,9/29/2024,11:31:41,2,Cash
3254,5036,3/28/2024,19:30:00,10,Cash
3255,7447,11/9/2024,20:48:45,3,Card
3256,6710,12/14/2024,20:39:22,5,Transfer
3257,7250,12/25/2024,9:25:38,4,Transfer
3258,3239,10/10/2024,17:26:53,7,Cash
3259,1087,6/2/2024,11:44:24,6,Card
3260,4551,3/16/2024,13:54:49,3,Transfer
3261,4422,8/6/2024,8:13:49,9,Cash
3262,2085,6/24/2024,9:35:53,8,Transfer
3263,1541,5/8/2024,18:21:48,6,Card
3264,9695,9/9/2024,16:25:19,2,Cash
3265,3740,11/22/2024,19:04:13,4,Transfer
3266,8268,5/19/2024,13:30:49,6,Cash
3267,5186,10/24/2024,16:44:13,10,Transfer
3268,1818,11/7/2024,11:14:25,8,Cash
3269,9824,2/1/2024,13:56:24,4,Transfer
3270,7081,12/10/2024,17:35:43,9,Cash
3271,9310,10/9/2024,12:31:30,10,Cash
3272,7653,10/15/2024,11:10:39,4,Cash
3273,9190,2/26/2024,19:38:52,7,Transfer
3274,4939,4/10/2024,8:28:34,10,Cash
3275,9502,9/1/2024,14:50:44,2,Cash
3276,5305,1/8/2024,12:19:06,10,Transfer
3277,9216,8/15/2024,15:55:52,9,Transfer
3278,4815,2/8/2024,9:49:50,1,Cash
3279,6498,12/9/2024,19:09:21,3,Card
3280,8638,3/24/2024,20:27:35,4,Cash
3281,7390,2/12/2024,20:12:04,9,Transfer
3282,6474,5/29/2024,11:15:53,9,Transfer
3283,5753,3/11/2024,10:44:58,2,Transfer
3284,2261,9/23/2024,12:47:29,4,Transfer
3285,2667,10/26/2024,9:32:39,5,Card
3286,2158,9/13/2024,14:19:14,7,Cash
3287,9370,9/7/2024,9:07:57,10,Card
3288,9918,4/22/2024,18:23:47,5,Transfer
3289,9902,12/3/2024,20:11:11,5,Card
3290,9654,4/24/2024,11:27:53,2,Cash
3291,5641,1/4/2024,15:11:27,8,Transfer
3292,9503,1/19/2024,19:07:41,9,Card
3293,6735,8/12/2024,15:04:44,10,Card
3294,6002,10/10/2024,16:24:48,1,Cash
3295,4238,5/10/2024,16:14:52,7,Transfer
3296,3587,8/30/2024,8:45:27,4,Card
3297,3670,3/6/2024,15:00:13,7,Card
3298,5533,12/17/2024,14:03:04,6,Cash
3299,4087,2/20/2024,15:57:17,3,Card
3300,8170,1/7/2024,10:02:42,3,Transfer
3301,7190,5/20/2024,10:11:16,8,Card
3302,7466,2/12/2024,10:07:02,5,Cash
3303,6340,12/28/2024,15:17:34,7,Transfer
3304,6644,10/25/2024,20:15:20,8,Cash
3305,2445,2/6/2024,16:35:49,5,Transfer
3306,2121,3/19/2024,14:30:18,1,Cash
3307,4375,9/12/2024,16:25:28,1,Cash
3308,5762,5/20/2024,8:43:54,4,Card
3309,6320,5/12/2024,8:00:58,10,Transfer
3310,5185,11/7/2024,15:13:09,2,Card
3311,4835,6/17/2024,8:02:13,3,Transfer
3312,7878,4/19/2024,17:10:01,9,Transfer
3313,4120,2/9/2024,19:28:13,7,Transfer
3314,3672,3/28/2024,9:36:52,2,Cash
3315,1240,11/4/2024,16:39:56,5,Cash
3316,6422,6/1/2024,18:03:57,10,Cash
3317,5210,11/11/2024,12:45:30,5,Cash
3318,2209,11/20/2024,8:54:24,8,Transfer
3319,5531,9/17/2024,13:56:53,5,Card
3320,8500,7/1/2024,8:44:46,9,Transfer
3321,8074,10/26/2024,15:21:51,3,Card
3322,7056,3/12/2024,12:13:49,9,Transfer
3323,2477,8/20/2024,11:25:05,6,Transfer
3324,4682,3/30/2024,15:09:18,10,Transfer
3325,5098,7/23/2024,19:05:36,3,Transfer
3326,5869,10/30/2024,14:59:47,9,Card
3327,2362,5/1/2024,12:15:25,10,Cash
3328,9463,2/26/2024,17:44:50,2,Cash
3329,5989,3/25/2024,15:47:34,9,Cash
3330,3647,12/24/2024,14:18:51,3,Cash
3331,2053,3/4/2024,18:54:27,4,Transfer
3332,6610,5/12/2024,11:55:10,6,Card
3333,3960,9/23/2024,19:20:43,9,Transfer
3334,9796,3/23/2024,15:27:54,1,Cash
3335,6143,12/25/2024,12:28:30,8,Card
3336,5400,7/20/2024,16:07:29,4,Cash
3337,1138,10/11/2024,16:54:16,8,Cash
3338,5865,9/17/2024,19:15:25,9,Card
3339,2382,12/21/2024,12:13:59,2,Card
3340,5386,1/23/2024,13:44:42,3,Card
3341,8485,8/15/2024,11:45:13,2,Card
3342,5468,12/7/2024,8:59:42,8,Cash
3343,7000,12/8/2024,14:52:35,1,Card
3344,3167,1/29/2024,18:33:37,6,Card
3345,7002,11/30/2024,9:53:18,9,Card
3346,6817,6/2/2024,15:43:07,5,Transfer
3347,2093,10/15/2024,19:39:25,8,Cash
3348,9408,12/24/2024,19:30:18,4,Cash
3349,4898,8/14/2024,9:39:24,9,Cash
3350,4237,11/29/2024,10:10:57,6,Cash
3351,3776,7/27/2024,18:30:22,5,Transfer
3352,3951,8/12/2024,10:27:15,7,Transfer
3353,5330,9/8/2024,20:58:41,8,Card
3354,2732,5/19/2024,18:56:40,2,Cash
3355,4103,9/23/2024,8:29:04,2,Transfer
3356,9894,8/17/2024,14:57:08,6,Transfer
3357,5649,3/27/2024,16:09:07,6,Cash
3358,8395,9/3/2024,16:32:03,8,Transfer
3359,4979,11/19/2024,16:32:05,5,Card
3360,6236,11/11/2024,12:08:59,3,Transfer
3361,7950,3/7/2024,18:24:44,8,Cash
3362,8153,9/23/2024,13:53:57,2,Card
3363,7387,6/23/2024,10:19:19,1,Card
3364,2154,9/29/2024,12:24:12,10,Cash
3365,1920,7/13/2024,12:55:13,6,Card
3366,5213,11/19/2024,18:32:37,10,Cash
3367,4910,11/30/2024,15:21:20,7,Cash
3368,6720,5/14/2024,10:23:00,5,Transfer
3369,2443,4/17/2024,13:58:28,6,Cash
3370,7276,10/3/2024,15:52:16,2,Card
3371,8207,10/26/2024,12:35:59,7,Cash
3372,3312,9/21/2024,15:20:05,3,Card
3373,6982,8/27/2024,16:52:19,10,Transfer
3374,8162,8/4/2024,18:23:27,8,Transfer
3375,1474,7/27/2024,16:04:24,6,Card
3376,8610,3/5/2024,9:04:24,5,Cash
3377,2788,10/2/2024,11:58:08,4,Card
3378,8682,8/24/2024,19:51:39,3,Transfer
3379,3143,5/6/2024,17:44:34,7,Transfer
3380,4532,7/26/2024,16:22:47,5,Cash
3381,4895,11/6/2024,9:25:14,9,Cash
3382,5361,5/14/2024,13:07:38,6,Transfer
3383,7040,2/7/2024,17:17:09,4,Cash
3384,2047,10/24/2024,15:59:28,3,Cash
3385,7138,11/27/2024,14:52:43,2,Transfer
3386,5629,7/2/2024,10:39:58,4,Cash
3387,9781,8/6/2024,16:57:25,3,Card
3388,3884,12/19/2024,17:01:29,10,Card
3389,7394,10/4/2024,16:59:55,10,Cash
3390,3121,6/9/2024,12:23:57,1,Transfer
3391,9482,3/27/2024,13:00:09,3,Card
3392,1630,6/27/2024,10:25:18,2,Transfer
3393,3673,3/8/2024,20:51:36,3,Transfer
3394,4639,3/3/2024,9:48:17,8,Card
3395,4905,3/6/2024,8:00:01,2,Card
3396,2791,1/15/2024,20:54:19,2,Transfer
3397,4200,8/27/2024,20:34:32,8,Transfer
3398,2482,5/8/2024,13:57:51,9,Card
3399,6431,9/11/2024,10:22:19,7,Cash
3400,5571,7/11/2024,16:22:19,9,Transfer
3401,8040,1/15/2024,10:53:17,8,Cash
3402,7568,5/3/2024,15:38:51,6,Cash
3403,4626,2/15/2024,20:44:33,9,Card
3404,9311,3/29/2024,14:32:51,1,Transfer
3405,3054,1/1/2024,13:25:21,4,Card
3406,1371,12/3/2024,15:00:16,7,Cash
3407,9462,9/16/2024,12:00:06,1,Transfer
3408,5083,12/13/2024,20:33:29,3,Card
3409,9996,8/5/2024,16:17:25,8,Card
3410,6706,1/16/2024,20:02:50,7,Card
3411,2065,6/4/2024,19:59:48,4,Transfer
3412,9207,2/9/2024,14:44:13,6,Card
3413,8566,1/7/2024,9:11:33,1,Cash
3414,3567,3/19/2024,20:09:29,4,Card
3415,7095,4/26/2024,11:35:52,2,Transfer
3416,4311,5/26/2024,11:59:16,1,Card
3417,1646,10/4/2024,9:58:05,9,Cash
3418,1519,10/17/2024,9:30:42,5,Cash
3419,8877,4/23/2024,20:36:13,1,Card
3420,5538,9/18/2024,14:19:37,6,Card
3421,9032,12/16/2024,20:30:08,1,Card
3422,9326,10/30/2024,13:19:13,8,Transfer
3423,2853,9/9/2024,15:44:31,2,Transfer
3424,8454,12/6/2024,13:40:42,1,Transfer
3425,8285,1/2/2024,10:53:47,3,Card
3426,8575,7/23/2024,15:42:44,2,Transfer
3427,4243,8/19/2024,9:01:50,3,Transfer
3428,6056,4/20/2024,8:12:07,3,Cash
3429,9475,3/21/2024,11:34:31,2,Transfer
3430,2441,6/9/2024,18:14:55,1,Cash
3431,7643,4/26/2024,11:29:03,4,Transfer
3432,2057,1/19/2024,11:26:18,3,Card
3433,4674,11/8/2024,17:33:01,5,Card
3434,1849,3/21/2024,8:09:33,2,Cash
3435,3984,11/17/2024,14:37:15,6,Cash
3436,1202,11/5/2024,12:06:31,5,Cash
3437,3504,12/15/2024,18:01:32,5,Transfer
3438,1428,7/13/2024,11:07:24,3,Card
3439,2432,1/26/2024,17:47:48,8,Transfer
3440,5783,12/30/2024,12:48:25,5,Transfer
3441,6899,11/12/2024,10:59:47,1,Cash
3442,2794,9/11/2024,18:12:53,4,Cash
3443,1597,1/5/2024,17:54:01,1,Transfer
3444,8989,8/12/2024,12:39:21,5,Cash
3445,1823,1/11/2024,15:38:18,8,Cash
3446,1568,12/18/2024,16:31:55,5,Card
3447,6517,5/3/2024,20:47:21,10,Cash
3448,1463,6/16/2024,20:34:49,2,Cash
3449,1226,3/15/2024,8:44:00,7,Cash
3450,1826,3/25/2024,9:00:11,1,Transfer
3451,1291,11/22/2024,10:29:48,10,Card
3452,8379,2/25/2024,9:10:38,10,Card
3453,9488,7/1/2024,18:10:43,4,Transfer
3454,2980,12/6/2024,8:20:22,5,Card
3455,7749,1/3/2024,13:08:06,3,Transfer
3456,2953,10/30/2024,18:48:57,4,Cash
3457,1773,9/23/2024,11:34:36,7,Card
3458,8602,12/5/2024,17:35:10,5,Card
3459,4023,7/10/2024,13:12:08,5,Cash
3460,5496,5/4/2024,8:39:01,1,Card
3461,5549,1/27/2024,15:53:08,5,Cash
3462,1388,11/9/2024,19:44:53,4,Cash
3463,4502,2/25/2024,11:06:58,8,Transfer
3464,5307,5/3/2024,9:06:34,4,Cash
3465,4020,1/8/2024,19:46:43,4,Cash
3466,1919,6/3/2024,13:06:19,3,Card
3467,3744,3/25/2024,20:44:19,4,Transfer
3468,7485,12/17/2024,17:07:53,6,Transfer
3469,5883,12/19/2024,17:06:59,1,Cash
3470,2890,5/12/2024,12:46:54,2,Transfer
3471,7973,2/6/2024,13:19:47,4,Transfer
3472,1260,2/6/2024,12:03:53,7,Card
3473,8174,11/1/2024,10:09:37,8,Card
3474,8937,3/3/2024,16:47:17,2,Transfer
3475,6948,11/16/2024,13:14:22,1,Card
3476,2774,2/17/2024,9:26:44,6,Card
3477,2166,6/8/2024,19:06:13,2,Cash
3478,2052,10/28/2024,10:43:24,3,Transfer
3479,6736,6/4/2024,16:06:58,6,Transfer
3480,3556,10/21/2024,9:05:12,3,Card
3481,3113,3/20/2024,10:53:44,1,Cash
3482,2520,2/22/2024,19:32:04,10,Cash
3483,4802,5/31/2024,14:35:24,10,Cash
3484,9017,1/1/2024,14:37:23,2,Cash
3485,3752,7/13/2024,15:25:32,9,Card
3486,1112,10/29/2024,18:04:05,2,Cash
3487,7839,10/17/2024,16:16:36,2,Card
3488,9662,4/13/2024,13:02:08,7,Transfer
3489,2016,3/27/2024,9:00:47,3,Card
3490,9757,11/9/2024,19:27:00,4,Card
3491,7038,5/16/2024,12:09:28,8,Cash
3492,7931,10/21/2024,9:33:33,7,Transfer
3493,6297,1/26/2024,9:34:16,7,Cash
3494,2233,4/24/2024,14:35:29,4,Transfer
3495,7615,1/25/2024,19:02:57,7,Transfer
3496,2368,3/30/2024,14:43:31,6,Cash
3497,2689,9/3/2024,11:48:33,2,Transfer
3498,4232,5/26/2024,17:49:44,2,Card
3499,7421,3/21/2024,9:25:48,5,Cash
3500,6005,9/2/2024,11:20:56,3,Card
3501,7403,8/4/2024,8:05:04,10,Transfer
3502,4500,9/14/2024,12:00:45,3,Transfer
3503,7111,1/13/2024,13:30:04,8,Transfer
3504,1210,6/21/2024,16:21:46,9,Transfer
3505,4858,12/27/2024,19:41:55,5,Transfer
3506,4122,9/4/2024,16:52:38,8,Cash
3507,1366,5/13/2024,8:00:48,7,Card
3508,8229,2/9/2024,9:39:06,2,Transfer
3509,6177,12/30/2024,13:13:44,8,Transfer
3510,6563,6/5/2024,10:34:25,2,Cash
3511,9214,5/25/2024,20:06:05,3,Cash
3512,6669,7/9/2024,14:15:35,9,Cash
3513,4880,12/11/2024,17:21:01,4,Transfer
3514,5495,3/10/2024,8:03:51,2,Transfer
3515,6844,9/27/2024,10:31:01,3,Card
3516,7865,10/20/2024,19:22:57,7,Card
3517,7810,4/13/2024,18:37:22,9,Cash
3518,3611,11/22/2024,13:46:07,5,Cash
3519,2593,12/18/2024,15:24:34,3,Transfer
3520,2041,9/2/2024,19:25:48,2,Card
3521,1517,9/25/2024,14:04:31,4,Card
3522,4478,12/2/2024,13:19:19,10,Transfer
3523,7289,7/12/2024,8:09:47,10,Cash
3524,6756,2/2/2024,18:41:15,10,Card
3525,4982,2/29/2024,16:07:09,6,Transfer
3526,5787,9/15/2024,12:47:39,5,Cash
3527,6554,5/9/2024,12:46:15,2,Cash
3528,6371,3/27/2024,16:11:47,5,Transfer
3529,7431,3/29/2024,16:57:41,8,Card
3530,5604,5/5/2024,9:24:15,2,Transfer
3531,8957,12/20/2024,15:13:34,3,Cash
3532,4918,10/2/2024,11:30:37,9,Card
3533,9143,6/14/2024,16:22:41,3,Card
3534,1449,9/23/2024,14:39:16,6,Cash
3535,3941,7/4/2024,16:47:41,3,Cash
3536,8757,1/27/2024,9:35:25,7,Card
3537,9450,12/8/2024,12:23:31,1,Cash
3538,8036,7/27/2024,11:45:19,9,Card
3539,3539,7/4/2024,10:45:41,5,Cash
3540,1746,5/2/2024,15:06:06,7,Transfer
3541,3245,3/1/2024,10:36:48,2,Cash
3542,2029,11/30/2024,11:46:57,7,Transfer
3543,9624,7/15/2024,15:15:33,3,Transfer
3544,9014,1/26/2024,15:51:37,3,Transfer
3545,8471,3/17/2024,17:44:14,8,Card
3546,6213,2/11/2024,20:55:00,5,Card
3547,4382,11/4/2024,14:29:54,8,Transfer
3548,7106,10/8/2024,17:25:39,8,Transfer
3549,5958,5/5/2024,19:12:43,1,Card
3550,7323,6/20/2024,12:57:16,8,Card
3551,8803,8/3/2024,10:20:41,6,Card
3552,1678,3/2/2024,14:09:26,3,Transfer
3553,6624,6/7/2024,11:10:31,3,Card
3554,3419,9/5/2024,17:16:38,5,Transfer
3555,3874,9/26/2024,8:53:58,10,Card
3556,5589,7/24/2024,18:05:16,5,Card
3557,8694,12/3/2024,20:10:44,9,Transfer
3558,4395,4/29/2024,13:30:39,10,Card
3559,9191,6/2/2024,20:36:57,7,Cash
3560,6374,3/31/2024,8:15:11,5,Cash
3561,4443,2/28/2024,9:53:03,1,Transfer
3562,9072,2/18/2024,13:49:07,2,Card
3563,8241,3/26/2024,15:42:02,7,Cash
3564,9920,2/24/2024,13:58:51,7,Cash
3565,3542,11/7/2024,19:04:52,6,Transfer
3566,3966,7/10/2024,17:50:37,7,Card
3567,4341,10/30/2024,19:25:13,6,Card
3568,6119,7/17/2024,13:47:48,8,Card
3569,8872,3/24/2024,15:06:48,4,Card
3570,9736,12/6/2024,11:27:59,3,Cash
3571,5444,4/19/2024,12:50:49,3,Cash
3572,3434,1/8/2024,8:02:45,9,Card
3573,8844,3/23/2024,9:52:25,9,Cash
3574,1999,6/25/2024,11:46:45,2,Card
3575,3571,4/12/2024,16:58:21,4,Card
3576,8723,3/19/2024,10:25:55,5,Cash
3577,8544,1/12/2024,15:20:35,10,Card
3578,1490,1/18/2024,8:12:27,5,Cash
3579,1216,12/9/2024,20:19:35,2,Transfer
3580,5788,8/28/2024,10:06:09,10,Card
3581,4241,3/17/2024,11:12:38,10,Cash
3582,6789,12/1/2024,13:44:14,1,Cash
3583,3822,6/16/2024,19:19:17,6,Transfer
3584,2785,11/14/2024,12:28:46,2,Cash
3585,1411,8/24/2024,18:47:51,1,Cash
3586,2463,8/4/2024,9:23:47,1,Transfer
3587,3813,2/6/2024,9:47:05,2,Cash
3588,3474,11/30/2024,10:22:32,10,Cash
3589,6272,10/14/2024,11:06:36,5,Cash
3590,2964,3/21/2024,18:32:45,4,Cash
3591,5929,8/28/2024,10:00:37,5,Cash
3592,3632,6/29/2024,16:49:35,2,Cash
3593,2618,9/19/2024,20:32:57,9,Transfer
3594,6837,11/14/2024,16:22:32,8,Card
3595,9018,9/3/2024,18:54:02,10,Transfer
3596,4287,9/21/2024,17:40:47,6,Cash
3597,6985,7/24/2024,18:12:16,1,Cash
3598,4638,8/6/2024,8:52:16,10,Transfer
3599,2653,6/11/2024,8:29:48,10,Card
3600,3250,12/28/2024,18:16:00,9,Card
3601,8628,9/4/2024,18:57:14,2,Transfer
3602,5818,9/10/2024,11:51:22,9,Transfer
3603,8805,12/11/2024,10:28:19,7,Card
3604,8737,5/26/2024,11:11:53,7,Transfer
3605,4613,10/2/2024,18:15:17,2,Transfer
3606,9256,10/5/2024,14:29:05,4,Transfer
3607,5731,3/24/2024,14:25:36,10,Card
3608,9428,7/31/2024,17:45:47,4,Transfer
3609,9518,1/8/2024,15:27:38,4,Cash
3610,6808,10/27/2024,12:40:39,9,Cash
3611,1192,10/7/2024,11:10:41,5,Cash
3612,2162,7/13/2024,9:24:17,2,Card
3613,3448,1/25/2024,14:50:58,1,Transfer
3614,7187,12/3/2024,10:49:27,2,Transfer
3615,9248,11/26/2024,17:07:41,2,Transfer
3616,3042,12/3/2024,9:48:37,3,Card
3617,3690,1/18/2024,8:49:44,9,Transfer
3618,7849,2/21/2024,18:11:28,1,Card
3619,2277,4/14/2024,13:43:46,2,Cash
3620,6730,2/23/2024,9:43:11,6,Transfer
3621,9972,3/7/2024,18:55:51,9,Cash
3622,1376,4/19/2024,8:20:53,6,Cash
3623,5326,6/3/2024,15:16:54,3,Transfer
3624,5843,4/8/2024,17:10:08,2,Transfer
3625,7614,5/2/2024,9:28:03,6,Cash
3626,5224,6/16/2024,9:40:23,7,Card
3627,4494,12/29/2024,13:18:58,5,Transfer
3628,8209,9/24/2024,13:13:29,7,Cash
3629,4547,4/21/2024,12:43:12,3,Card
3630,6896,11/13/2024,18:13:58,10,Card
3631,3751,11/26/2024,10:50:02,4,Transfer
3632,4717,10/29/2024,20:27:30,3,Transfer
3633,7464,6/17/2024,17:54:53,1,Card
3634,8423,12/5/2024,17:01:40,2,Cash
3635,8861,10/14/2024,16:08:18,9,Transfer
3636,6104,8/16/2024,11:06:42,9,Card
3637,5774,7/9/2024,10:03:27,8,Card
3638,4292,5/19/2024,13:31:06,2,Cash
3639,4429,8/13/2024,15:37:47,2,Card
3640,5174,6/22/2024,20:09:24,2,Cash
3641,1383,10/7/2024,8:13:09,2,Card
3642,3999,11/15/2024,10:03:35,2,Cash
3643,1775,5/25/2024,18:45:14,9,Transfer
3644,7524,8/11/2024,9:04:03,6,Cash
3645,2753,5/14/2024,18:46:07,4,Transfer
3646,4677,4/13/2024,20:52:41,7,Cash
3647,4172,5/9/2024,9:36:19,2,Cash
3648,9403,11/5/2024,18:52:17,1,Cash
3649,8705,9/11/2024,15:53:18,5,Cash
3650,2327,1/13/2024,9:19:30,2,Transfer
